Aging%20And%20Adult%20Services%20Commission-Hinton%2C%20Anne-Ground%20Floor%20Public%20Affairs-Lyft,1
Aging%20And%20Adult%20Services%20Commission-Hinton%2C%20Anne-Ground%20Floor%20Public%20Affairs-Zen%20Hospice%20Project,3
Airport%20Commission-Cheong%2C%20Eva-Patty-Jo%20Rutland%20Consulting%20Llc-Uber,2
Airport%20Commission-Martin%2C%20John-Platinum%20Advisors-Supershuttle,2
Airport%20Commission-Potter%2C%20Julian-Patty-Jo%20Rutland%20Consulting%20Llc-Uber,2
Arts%20Commission-Lazar%2C%20Howard-Karin%20Flood-Usbid,1
Assessor-Recorder%20Office%20Of%20The-Chiu%2C%20Carmen-Visa-Visa%2C%20Inc,1
Assessor-Recorder%20Office%20Of%20The-Chu%2C%20Carmen-Nielsen%20Merksamer%20Parrinello%20Gross%20%26%20Leoni%20Llp-Coalition%20For%20Better%20Housing,1
Assessor-Recorder%20Office%20Of%20The-Chu%2C%20Carmen-Nielsen%20Merksamer%20Parrinello%20Gross%20%26%20Leoni%20Llp-San%20Francisco%20Apartment%20Association,1
Assessor-Recorder%20Office%20Of%20The-Chu%2C%20Carmen-Sfaa-Sfaa,1
Assessor-Recorder%20Office%20Of%20The-Mccaffrey%2C%20Eddie-Building%20Owners%20And%20Managers%20Association%20Of%20San%20Francisco-Boma%20San%20Francisco,1
Board%20Of%20Appeals-Goldstein%2C%20Cynthia-Hanson%20Bridgett%20Llp-American%20Airporter%20Shuttle/philip%20Achilles,2
Board%20Of%20Appeals-Goldstein%2C%20Cynthia-Hanson%20Bridgett%20Llp-Migsif%20Llc,1
Board%20Of%20Appeals-Goldstein%2C%20Cynthia-Reuben%2C%20Junius%20%26%20Rose%2C%20Llp-Simon%20Michael,1
Board%20Of%20Education-Haney%2C%20Matt-Barbary%20Coast%20Consulting-Rag%20%26%20Bone,3
Board%20Of%20Education-Norton%2C%20Jane-Barbary%20Coast%20Consulting-Rag%20%26%20Bone,2
Board%20Of%20Education-Norton%2C%20Rachael-Sfaa-Maximus%20Realty%20Partners,1
Board%20Of%20Education-Norton%2C%20Rachel-Ground%20Floor%20Public%20Affairs-Sfciti%3A%20San%20Francisco%20Citizens%20Initiative%20For%20Technology%20And%20Innovation,1
Board%20Of%20Supervisors-Ang%2C%20April-Barbary%20Coast%20Consulting-Real%20Tex%20Group,1
Board%20Of%20Supervisors-Ang%2C%20April-Barbary%20Coast%20Consulting-Realtex,1
Board%20Of%20Supervisors-Avalos%2C%20John-Airbnb-Airbnb,3
Board%20Of%20Supervisors-Avalos%2C%20John-Barbary%20Coast%20Consulting-San%20Francisco%20Federal%20Credit%20Union,1
Board%20Of%20Supervisors-Avalos%2C%20John-Barbary%20Coast%20Consulting-Umpqua%20Bank,2
Board%20Of%20Supervisors-Avalos%2C%20John-Building%20Owners%20And%20Managers%20Association%20Of%20San%20Francisco-Boma%20San%20Francisco,6
Board%20Of%20Supervisors-Avalos%2C%20John-Goodyear%20Peterson%20Hayward%20%26%20Associates-Integral%20Development%20Llc,1
Board%20Of%20Supervisors-Avalos%2C%20John-Goodyear-Peterson%2C%20Llc-Facebook,1
Board%20Of%20Supervisors-Avalos%2C%20John-Moscone%20Emblidge%20Sater%20%26%20Otis-San%20Francisco%20Federal%20Credit%20Union,1
Board%20Of%20Supervisors-Avalos%2C%20John-Nielsen%20Merksamer%20Parrinello%20Gross%20%26%20Leoni%20Llp-Coalition%20For%20Better%20Housing,1
Board%20Of%20Supervisors-Avalos%2C%20John-Nielsen%20Merksamer%20Parrinello%20Gross%20%26%20Leoni%20Llp-San%20Francisco%20Apartment%20Association,1
Board%20Of%20Supervisors-Avalos%2C%20John-Patty-Jo%20Rutland%20Consulting%20Llc-Uber,1
Board%20Of%20Supervisors-Avalos%2C%20John-Reuben%2C%20Junius%20%26%20Rose%2C%20Llp-Daniel%20Rabin,1
Board%20Of%20Supervisors-Avalos%2C%20John-Self-Cornerstone%20Consulting%20%26%20Technology%2C%20Inc.,4
Board%20Of%20Supervisors-Breed%2A%2C%20London-Bmwl%20%26%20Partners%2C%20Inc-American%20Beverage%20Association,2
Board%20Of%20Supervisors-Breed%2A%2C%20London-Bmwl%20%26%20Partners%2C%20Inc-No%20On%20E%20Stop%20Unfair%20Beverage%20Taxes,1
Board%20Of%20Supervisors-Breed%2C%20London-Airbnb-Airbnb,2
Board%20Of%20Supervisors-Breed%2C%20London-Baybio-Baybio,4
Board%20Of%20Supervisors-Breed%2C%20London-Bergdavis%20Public%20Affairs-Westlake%20Urban%2Cllc,1
Board%20Of%20Supervisors-Breed%2C%20London-Building%20Owners%20And%20Managers%20Association%20Of%20San%20Francisco-Boma%20San%20Francisco,7
Board%20Of%20Supervisors-Breed%2C%20London-Goodyear-Peterson%2C%20Llc-Facebook,1
Board%20Of%20Supervisors-Breed%2C%20London-Ground%20Floor%20Public%20Affairs-Airbnb,1
Board%20Of%20Supervisors-Breed%2C%20London-Ground%20Floor%20Public%20Affairs-Lyft,1
Board%20Of%20Supervisors-Breed%2C%20London-Ground%20Floor%20Public%20Affairs-Square%2C%20Inc.,1
Board%20Of%20Supervisors-Breed%2C%20London-Nielsen%20Merksamer%20Parrinello%20Gross%20%26%20Leoni%20Llp-Coalition%20For%20Better%20Housing,1
Board%20Of%20Supervisors-Breed%2C%20London-Nielsen%20Merksamer%20Parrinello%20Gross%20%26%20Leoni%20Llp-San%20Francisco%20Apartment%20Association,1
Board%20Of%20Supervisors-Breed%2C%20London-Patty-Jo%20Rutland%20Consulting%20Llc-Uber,1
Board%20Of%20Supervisors-Breed%2C%20London-Platinum%20Advisors-Boston%20Properties%20Limited%20Partnership,1
Board%20Of%20Supervisors-Breed%2C%20London-Platinum%20Advisors-Wasserman%20Media%20Group,2
Board%20Of%20Supervisors-Breed%2C%20London-Reuben%2C%20Junius%20%26%20Rose%2C%20Llp-Boston%20Properties,1
Board%20Of%20Supervisors-Breed%2C%20London-Reuben%2C%20Junius%20%26%20Rose%2C%20Llp-Daniel%20Rabin,1
Board%20Of%20Supervisors-Breed%2C%20London-San%20Francisco%20Association%20Of%20Realtors-San%20Francisco%20Association%20Of%20Realtors,6
Board%20Of%20Supervisors-Breed%2C%20London-Sfaa-Sfaa,3
Board%20Of%20Supervisors-Brown%2C%20Valle-Platinum%20Advisors-Wasserman%20Media%20Group,1
Board%20Of%20Supervisors-Brown%2C%20Vallie-Barbary%20Coast%20Consulting-Umpqua%20Bank,1
Board%20Of%20Supervisors-Brown%2C%20Vallie-Bergdavis%20Public%20Affairs-Oryx%20Partners%20Llc,2
Board%20Of%20Supervisors-Brown%2C%20Vallie-Bergdavis%20Public%20Affairs-Westlake%20Urban%2Cllc,2
Board%20Of%20Supervisors-Bruss%2C%20Andrea-Barbary%20Coast%20Consulting-Umpqua%20Bank,1
Board%20Of%20Supervisors-Bruss%2C%20Andrea-Committee%20On%20Jobs-Committee%20On%20Jobs,2
Board%20Of%20Supervisors-Bruss%2C%20Andrea-Goodyear%20Peterson%20Hayward%20%26%20Associates-Uber%20Technologies,1
Board%20Of%20Supervisors-Bruss%2C%20Andrea-Lapointe%20And%20Associates-181%20Fremont%20%20Llc,1
Board%20Of%20Supervisors-Bruss%2C%20Andrea-Platinum%20Advisors-Boston%20Properties%20Limited%20Partnership,1
Board%20Of%20Supervisors-Bruss%2C%20Andrea-Platinum%20Advisors-Trumark%20Commercial,3
Board%20Of%20Supervisors-Bruss%2C%20Andrea-Reuben%2C%20Junius%20%26%20Rose%2C%20Llp-Gaehwiler%20Construction%20Inc.,2
Board%20Of%20Supervisors-Bruss%2C%20Andrea-Reuben%2C%20Junius%20%26%20Rose%2C%20Llp-J2%20Properties,1
Board%20Of%20Supervisors-Bruss%2C%20Andrea-Reuben%2C%20Junius%20%26%20Rose%2C%20Llp-Jeremy%20Ricks,1
Board%20Of%20Supervisors-Bruss%2C%20Andrea-San%20Francisco%20Chamber%20Of%20Commerce-San%20Francisco%20Chamber%20Of%20Commerce,2
Board%20Of%20Supervisors-Campos%2C%20David-Airbnb-Airbnb,1
Board%20Of%20Supervisors-Campos%2C%20David-Barbary%20Coast%20Consulting-Safeway,1
Board%20Of%20Supervisors-Campos%2C%20David-Barbary%20Coast%20Consulting-San%20Francisco%20Federal%20Credit%20Union,1
Board%20Of%20Supervisors-Campos%2C%20David-Bmwl%20%26%20Partners%2C%20Inc-American%20Beverage%20Association,1
Board%20Of%20Supervisors-Campos%2C%20David-Building%20Owners%20And%20Managers%20Association%20Of%20San%20Francisco-Boma%20San%20Francisco,5
Board%20Of%20Supervisors-Campos%2C%20David-Coalition%20For%20Better%20Housing-Coalition%20For%20Better%20Housing,3
Board%20Of%20Supervisors-Campos%2C%20David-Daniller%20Consulting%20Inc.-Beverages%20%26%20More,1
Board%20Of%20Supervisors-Campos%2C%20David-Goodyear%20Peterson%20Hayward%20%26%20Associates-Integral%20Development%20Llc,1
Board%20Of%20Supervisors-Campos%2C%20David-Ground%20Floor%20Public%20Affairs-Square%2C%20Inc.,1
Board%20Of%20Supervisors-Campos%2C%20David-Lapointe%20And%20Associates-Archdiocese%20Of%20San%20Francisco,3
Board%20Of%20Supervisors-Campos%2C%20David-Lapointe%20And%20Associates-Forest%20City%20Enterprises,1
Board%20Of%20Supervisors-Campos%2C%20David-Moscone%20Emblidge%20Sater%20%26%20Otis-San%20Francisco%20Federal%20Credit%20Union,1
Board%20Of%20Supervisors-Campos%2C%20David-Nielsen%20Merksamer%20Parrinello%20Gross%20%26%20Leoni%20Llp-Coalition%20For%20Better%20Housing,1
Board%20Of%20Supervisors-Campos%2C%20David-Nielsen%20Merksamer%20Parrinello%20Gross%20%26%20Leoni%20Llp-San%20Francisco%20Apartment%20Association,1
Board%20Of%20Supervisors-Campos%2C%20David-Pacific%20Gas%20And%20Electric%20Company-Pacific%20Gas%20And%20Electric%20Company,1
Board%20Of%20Supervisors-Campos%2C%20David-Philip%20Lesser-Jcn%20Developers%20Llc,1
Board%20Of%20Supervisors-Campos%2C%20David-Platinum%20Advisors-Lennar%20Residential,1
Board%20Of%20Supervisors-Campos%2C%20David-Public%20Advocacy%20Partners-Maximus%20Real%20Estate%20Partners,1
Board%20Of%20Supervisors-Campos%2C%20David-Reuben%2C%20Junius%20%26%20Rose%2C%20Llp-Boston%20Properties,1
Board%20Of%20Supervisors-Campos%2C%20David-San%20Francisco%20Association%20Of%20Realtors-San%20Francisco%20Association%20Of%20Realtors,2
Board%20Of%20Supervisors-Campos%2C%20David-Sfaa-Maximus%20Realty%20Partners,1
Board%20Of%20Supervisors-Campos%2C%20David-Sfaa-Sfaa,2
Board%20Of%20Supervisors-Chan%2C%20Amy-Bergdavis%20Public%20Affairs-Cvs%20Pharmacy,4
Board%20Of%20Supervisors-Chan%2C%20Amy-Platinum%20Advisors-Airbnb,2
Board%20Of%20Supervisors-Chan%2C%20Amy-San%20Francisco%20Association%20Of%20Realtors-San%20Francisco%20Association%20Of%20Realtors,1
Board%20Of%20Supervisors-Chan%2C%20Yo%20Yo-Lapointe%20And%20Associates-181%20Fremont%20%20Llc,1
Board%20Of%20Supervisors-Chan%2C%20Yo%20Yo-Lapointe%20And%20Associates-Archdiocese%20Of%20San%20Francisco,4
Board%20Of%20Supervisors-Chan%2C%20Yoyo-Goodyear%20Peterson%20Hayward%20%26%20Associates-Grocery%20Outlet,1
Board%20Of%20Supervisors-Chiu%2C%20David-Airbnb-Airbnb,10
Board%20Of%20Supervisors-Chiu%2C%20David-Airbnb-Airbnb%20Inc.,1
Board%20Of%20Supervisors-Chiu%2C%20David-Baybio-Baybio,13
Board%20Of%20Supervisors-Chiu%2C%20David-Bergdavis%20Public%20Affairs-Cvs%20Pharmacy,4
Board%20Of%20Supervisors-Chiu%2C%20David-Bergdavis%20Public%20Affairs-Nike%2C%20Inc.,2
Board%20Of%20Supervisors-Chiu%2C%20David-Building%20Owners%20And%20Managers%20Association%20Of%20San%20Francisco-Boma%20San%20Francisco,6
Board%20Of%20Supervisors-Chiu%2C%20David-Coalition%20For%20Better%20Housing-Coalition%20For%20Better%20Housing,3
Board%20Of%20Supervisors-Chiu%2C%20David-Committee%20On%20Jobs-Committee%20On%20Jobs,5
Board%20Of%20Supervisors-Chiu%2C%20David-Daniller%20Consulting%20Inc.-Beverages%20%26%20More,1
Board%20Of%20Supervisors-Chiu%2C%20David-Goodyear%20Peterson%20Hayward%20%26%20Associates-Integral%20Development%20Llc,1
Board%20Of%20Supervisors-Chiu%2C%20David-Goodyear%20Peterson%20Hayward%20%26%20Associates-San%20Francisco%20Auto%20Jobs%20Alliance,1
Board%20Of%20Supervisors-Chiu%2C%20David-Goodyear-Peterson%2C%20Llc-Facebook,1
Board%20Of%20Supervisors-Chiu%2C%20David-Goodyear-Peterson%2C%20Llc-San%20Francisco%20Bar%20Pilots,1
Board%20Of%20Supervisors-Chiu%2C%20David-Goodyear-Peterson%2C%20Llc-San%20Francisco%20Parks%20Alliance,1
Board%20Of%20Supervisors-Chiu%2C%20David-Ground%20Floor%20Public%20Affairs-Lyft,1
Board%20Of%20Supervisors-Chiu%2C%20David-Marsha%20Garland%20Public%20Relations-1433%20Bush%20Llc,1
Board%20Of%20Supervisors-Chiu%2C%20David-Nielsen%20Merksamer%20Parrinello%20Gross%20%26%20Leoni%20Llp-Coalition%20For%20Better%20Housing,1
Board%20Of%20Supervisors-Chiu%2C%20David-Nielsen%20Merksamer%20Parrinello%20Gross%20%26%20Leoni%20Llp-San%20Francisco%20Apartment%20Association,1
Board%20Of%20Supervisors-Chiu%2C%20David-Patty-Jo%20Rutland%20Consulting%20Llc-Uber,1
Board%20Of%20Supervisors-Chiu%2C%20David-Platinum%20Advisors-Airbnb,8
Board%20Of%20Supervisors-Chiu%2C%20David-Reuben%2C%20Junius%20%26%20Rose%2C%20Llp-Daniel%20Rabin,1
Board%20Of%20Supervisors-Chiu%2C%20David-Reuben%2C%20Junius%20%26%20Rose%2C%20Llp-Jeremy%20Ricks,1
Board%20Of%20Supervisors-Chiu%2C%20David-San%20Francisco%20Association%20Of%20Realtors-San%20Francisco%20Association%20Of%20Realtors,4
Board%20Of%20Supervisors-Chiu%2C%20David-San%20Francisco%20Chamber%20Of%20Commerce-San%20Francisco%20Chamber%20Of%20Commerce,10
Board%20Of%20Supervisors-Chiu%2C%20David-Self-Cornerstone%20Consulting%20%26%20Technology%2C%20Inc.,4
Board%20Of%20Supervisors-Chiu%2C%20David-Sfaa-Presidio%20Bay%20Ventures,1
Board%20Of%20Supervisors-Chu%2C%20Carmen-Building%20Owners%20And%20Managers%20Association%20Of%20San%20Francisco-Boma%20San%20Francisco,3
Board%20Of%20Supervisors-Chu%2C%20Carmen-Reuben%2C%20Junius%20%26%20Rose%2C%20Llp-Beacon%20Capital%20Partners,2
Board%20Of%20Supervisors-Cohen%2C%20Malia-Airbnb-Airbnb,5
Board%20Of%20Supervisors-Cohen%2C%20Malia-Barbary%20Coast%20Consulting-Umpqua%20Bank,1
Board%20Of%20Supervisors-Cohen%2C%20Malia-Bergdavis%20Public%20Affairs-Home%20Depot,2
Board%20Of%20Supervisors-Cohen%2C%20Malia-Bergdavis%20Public%20Affairs-Related%20California,6
Board%20Of%20Supervisors-Cohen%2C%20Malia-Bmwl%20%26%20Partners%2C%20Inc-American%20Beverage%20Association,1
Board%20Of%20Supervisors-Cohen%2C%20Malia-Building%20Owners%20And%20Managers%20Association%20Of%20San%20Francisco-Boma%20San%20Francisco,6
Board%20Of%20Supervisors-Cohen%2C%20Malia-Committee%20On%20Jobs-Committee%20On%20Jobs,2
Board%20Of%20Supervisors-Cohen%2C%20Malia-Farella%20Braun%20And%20Martel-Sks%20Partners%2C%20Llc,1
Board%20Of%20Supervisors-Cohen%2C%20Malia-Goodyear-Peterson%2C%20Llc-Facebook,1
Board%20Of%20Supervisors-Cohen%2C%20Malia-James%20Ross-Gap%20Inc.,2
Board%20Of%20Supervisors-Cohen%2C%20Malia-Kevin%20Carroll-San%20Francisco%20Hotel%20Council,1
Board%20Of%20Supervisors-Cohen%2C%20Malia-Kls%20Consulting-De%20Anza%20Properties,1
Board%20Of%20Supervisors-Cohen%2C%20Malia-Lapointe%20And%20Associates-181%20Fremont%20%20Llc,1
Board%20Of%20Supervisors-Cohen%2C%20Malia-Nielsen%20Merksamer%20Parrinello%20Gross%20%26%20Leoni%20Llp-Coalition%20For%20Better%20Housing,1
Board%20Of%20Supervisors-Cohen%2C%20Malia-Nielsen%20Merksamer%20Parrinello%20Gross%20%26%20Leoni%20Llp-San%20Francisco%20Apartment%20Association,1
Board%20Of%20Supervisors-Cohen%2C%20Malia-Platinum%20Advisors-Bay%20West%20Development,1
Board%20Of%20Supervisors-Cohen%2C%20Malia-Platinum%20Advisors-Golden%20State%20Warriors,1
Board%20Of%20Supervisors-Cohen%2C%20Malia-Platinum%20Advisors-Trumark%20Commercial,2
Board%20Of%20Supervisors-Cohen%2C%20Malia-Reuben%2C%20Junius%20%26%20Rose%2C%20Llp-Contest%20Promotions,1
Board%20Of%20Supervisors-Cohen%2C%20Malia-Reuben%2C%20Junius%20%26%20Rose%2C%20Llp-Daniel%20Rabin,1
Board%20Of%20Supervisors-Cohen%2C%20Malia-Reuben%2C%20Junius%20%26%20Rose%2C%20Llp-Gaehwiler%20Construction%20Inc.,1
Board%20Of%20Supervisors-Cohen%2C%20Malia-San%20Francisco%20Association%20Of%20Realtors-San%20Francisco%20Association%20Of%20Realtors,2
Board%20Of%20Supervisors-Cohen%2C%20Malia-San%20Francisco%20Chamber%20Of%20Commerce-San%20Francisco%20Chamber%20Of%20Commerce,3
Board%20Of%20Supervisors-Cohen%2C%20Malia-Self-Bgn%20Properties%2C%20Llc,2
Board%20Of%20Supervisors-Cohen%2C%20Malia-Sfaa-Sfaa,1
Board%20Of%20Supervisors-Cohen%2C%20Malia-Tishman%20Speyer%20Properties%2C%20L.p.-Tishman%20Speyer%20Properties%2C%20L.p.,1
Board%20Of%20Supervisors-Cohen%2C%20Malia-Visa-Visa%2C%20Inc,2
Board%20Of%20Supervisors-Cretan%2C%20Jeff-Lapointe%20And%20Associates-Archdiocese%20Of%20San%20Francisco,10
Board%20Of%20Supervisors-Farrell%2C%20Mark-Airbnb-Airbnb,1
Board%20Of%20Supervisors-Farrell%2C%20Mark-Barbary%20Coast%20Consulting-San%20Francisco%20Federal%20Credit%20Union,1
Board%20Of%20Supervisors-Farrell%2C%20Mark-Bergdavis%20Public%20Affairs-Nike%2C%20Inc.,1
Board%20Of%20Supervisors-Farrell%2C%20Mark-Bergdavis%20Public%20Affairs-Oryx%20Partners%20Llc,1
Board%20Of%20Supervisors-Farrell%2C%20Mark-Bmwl%20%26%20Partners%2C%20Inc-American%20Beverage%20Association,2
Board%20Of%20Supervisors-Farrell%2C%20Mark-Bmwl%20%26%20Partners%2C%20Inc-No%20On%20E%20Stop%20Unfair%20Beverage%20Taxes,1
Board%20Of%20Supervisors-Farrell%2C%20Mark-Bmwl%20%26%20Partners%2C%20Inc-San%20Francisco%20Arts%20Alliance,1
Board%20Of%20Supervisors-Farrell%2C%20Mark-Building%20Owners%20And%20Managers%20Association%20Of%20San%20Francisco-Boma%20San%20Francisco,6
Board%20Of%20Supervisors-Farrell%2C%20Mark-Committee%20On%20Jobs-Committee%20On%20Jobs,9
Board%20Of%20Supervisors-Farrell%2C%20Mark-Goodyear%20Peterson%20Hayward%20%26%20Associates-California%20Pacific%20Medical%20Center,3
Board%20Of%20Supervisors-Farrell%2C%20Mark-Goodyear%20Peterson%20Hayward%20%26%20Associates-Integral%20Development%20Llc,1
Board%20Of%20Supervisors-Farrell%2C%20Mark-Goodyear-Peterson%2C%20Llc-San%20Francisco%20Parks%20Alliance,1
Board%20Of%20Supervisors-Farrell%2C%20Mark-James%20Ross-Gap%20Inc.,1
Board%20Of%20Supervisors-Farrell%2C%20Mark-Kevin%20Carroll-San%20Francisco%20Hotel%20Council,1
Board%20Of%20Supervisors-Farrell%2C%20Mark-Lapointe%20And%20Associates-181%20Fremont%20%20Llc,1
Board%20Of%20Supervisors-Farrell%2C%20Mark-Moscone%20Emblidge%20Sater%20%26%20Otis-San%20Francisco%20Federal%20Credit%20Union,1
Board%20Of%20Supervisors-Farrell%2C%20Mark-Nielsen%20Merksamer%20Parrinello%20Gross%20%26%20Leoni%20Llp-Coalition%20For%20Better%20Housing,1
Board%20Of%20Supervisors-Farrell%2C%20Mark-Nielsen%20Merksamer%20Parrinello%20Gross%20%26%20Leoni%20Llp-San%20Francisco%20Apartment%20Association,1
Board%20Of%20Supervisors-Farrell%2C%20Mark-Pacific%20Gas%20And%20Electric%20Company-Pacific%20Gas%20And%20Electric%20Company,1
Board%20Of%20Supervisors-Farrell%2C%20Mark-Reuben%2C%20Junius%20%26%20Rose%2C%20Llp-Boston%20Properties,1
Board%20Of%20Supervisors-Farrell%2C%20Mark-Reuben%2C%20Junius%20%26%20Rose%2C%20Llp-Daniel%20Rabin,1
Board%20Of%20Supervisors-Farrell%2C%20Mark-Reuben%2C%20Junius%20%26%20Rose%2C%20Llp-Detert/marcus%20And%20David,1
Board%20Of%20Supervisors-Farrell%2C%20Mark-Reuben%2C%20Junius%20%26%20Rose%2C%20Llp-Edward%20Shoikhet,1
Board%20Of%20Supervisors-Farrell%2C%20Mark-San%20Francisco%20Association%20Of%20Realtors-San%20Francisco%20Association%20Of%20Realtors,8
Board%20Of%20Supervisors-Farrell%2C%20Mark-San%20Francisco%20Chamber%20Of%20Commerce-San%20Francisco%20Chamber%20Of%20Commerce,22
Board%20Of%20Supervisors-Farrell%2C%20Mark-Self-Cornerstone%20Consulting%20%26%20Technology%2C%20Inc.,8
Board%20Of%20Supervisors-Farrell%2C%20Mark-Visa-Visa%2C%20Inc,2
Board%20Of%20Supervisors-Goosen%2C%20Carolyn-Pacific%20Gas%20And%20Electric%20Company-Pacific%20Gas%20And%20Electric%20Company,1
Board%20Of%20Supervisors-Johnston%2C%20Connor-Platinum%20Advisors-Teamsters%20Local%20853,1
Board%20Of%20Supervisors-Johnston%2C%20Conor-Platinum%20Advisors-Wasserman%20Media%20Group,1
Board%20Of%20Supervisors-Johnston%2C%20Conor-Reuben%2C%20Junius%20%26%20Rose%2C%20Llp-Jeremy%20Ricks,1
Board%20Of%20Supervisors-Johnston%2C%20Conor-San%20Francisco%20Chamber%20Of%20Commerce-San%20Francisco%20Chamber%20Of%20Commerce,6
Board%20Of%20Supervisors-Kelly%2C%20Margaux-Pacific%20Gas%20And%20Electric%20Company-Pacific%20Gas%20And%20Electric%20Company,1
Board%20Of%20Supervisors-Kelly%2C%20Margaux-Patty-Jo%20Rutland%20Consulting%20Llc-Uber,1
Board%20Of%20Supervisors-Kim%2C%20Jane-Airbnb-Airbnb,1
Board%20Of%20Supervisors-Kim%2C%20Jane-Barbary%20Coast%20Consulting-Paramount%20Group%2C%20Inc.,7
Board%20Of%20Supervisors-Kim%2C%20Jane-Barbary%20Coast%20Consulting-Safeway,1
Board%20Of%20Supervisors-Kim%2C%20Jane-Bergdavis%20Public%20Affairs-Van%20Wagner%20Communications,1
Board%20Of%20Supervisors-Kim%2C%20Jane-Building%20Owners%20And%20Managers%20Association%20Of%20San%20Francisco-Boma%20San%20Francisco,5
Board%20Of%20Supervisors-Kim%2C%20Jane-Committee%20On%20Jobs-Committee%20On%20Jobs,3
Board%20Of%20Supervisors-Kim%2C%20Jane-Farella%20Braun%20And%20Martel-Equity%20Residential,1
Board%20Of%20Supervisors-Kim%2C%20Jane-Goodyear%20Peterson%20Hayward%20%26%20Associates-Integral%20Development%20Llc,4
Board%20Of%20Supervisors-Kim%2C%20Jane-Goodyear%20Peterson%20Hayward%20%26%20Associates-Strada%20Investment%20Group,1
Board%20Of%20Supervisors-Kim%2C%20Jane-Hms%20Associates-Forest%20City,1
Board%20Of%20Supervisors-Kim%2C%20Jane-Lapointe%20And%20Associates-181%20Fremont%20%20Llc,1
Board%20Of%20Supervisors-Kim%2C%20Jane-Lapointe%20And%20Associates-Archdiocese%20Of%20San%20Francisco,1
Board%20Of%20Supervisors-Kim%2C%20Jane-Nielsen%20Merksamer%20Parrinello%20Gross%20%26%20Leoni%20Llp-Coalition%20For%20Better%20Housing,1
Board%20Of%20Supervisors-Kim%2C%20Jane-Nielsen%20Merksamer%20Parrinello%20Gross%20%26%20Leoni%20Llp-San%20Francisco%20Apartment%20Association,1
Board%20Of%20Supervisors-Kim%2C%20Jane-Pacific%20Gas%20And%20Electric%20Company-Pacific%20Gas%20And%20Electric%20Company,1
Board%20Of%20Supervisors-Kim%2C%20Jane-Platinum%20Advisors-Boston%20Properties%20Limited%20Partnership,1
Board%20Of%20Supervisors-Kim%2C%20Jane-Platinum%20Advisors-Wasserman%20Media%20Group,2
Board%20Of%20Supervisors-Kim%2C%20Jane-Reuben%2C%20Junius%20%26%20Rose%2C%20Llp-Daniel%20Rabin,2
Board%20Of%20Supervisors-Kim%2C%20Jane-San%20Francisco%20Chamber%20Of%20Commerce-San%20Francisco%20Chamber%20Of%20Commerce,3
Board%20Of%20Supervisors-Lane%2C%20Laura-San%20Francisco%20Chamber%20Of%20Commerce-San%20Francisco%20Chamber%20Of%20Commerce,3
Board%20Of%20Supervisors-Lauterborn%2C%20Peter-Barbary%20Coast%20Consulting-San%20Francisco%20Federal%20Credit%20Union,1
Board%20Of%20Supervisors-Lee%2C%20Ivy-San%20Francisco%20Chamber%20Of%20Commerce-San%20Francisco%20Chamber%20Of%20Commerce,2
Board%20Of%20Supervisors-Lim%2C%20Victor-Bergdavis%20Public%20Affairs-Cvs%20Pharmacy,1
Board%20Of%20Supervisors-Lim%2C%20Victor-Sgc%20Strategic%20Communications-Happy%20Vape,1
Board%20Of%20Supervisors-Lo%2C%20Jen-Sgc%20Strategic%20Communications-Happy%20Vape,1
Board%20Of%20Supervisors-Mar%2C%20Eric-Airbnb-Airbnb,3
Board%20Of%20Supervisors-Mar%2C%20Eric-Barbary%20Coast%20Consulting-San%20Francisco%20Federal%20Credit%20Union,1
Board%20Of%20Supervisors-Mar%2C%20Eric-Building%20Owners%20And%20Managers%20Association%20Of%20San%20Francisco-Boma%20San%20Francisco,7
Board%20Of%20Supervisors-Mar%2C%20Eric-Coalition%20For%20Better%20Housing-Coalition%20For%20Better%20Housing,1
Board%20Of%20Supervisors-Mar%2C%20Eric-Committee%20On%20Jobs-Committee%20On%20Jobs,2
Board%20Of%20Supervisors-Mar%2C%20Eric-Goodyear%20Peterson%20Hayward%20%26%20Associates-Integral%20Development%20Llc,1
Board%20Of%20Supervisors-Mar%2C%20Eric-Goodyear-Peterson%2C%20Llc-Facebook,1
Board%20Of%20Supervisors-Mar%2C%20Eric-Kevin%20Carroll-San%20Francisco%20Hotel%20Council,1
Board%20Of%20Supervisors-Mar%2C%20Eric-Moscone%20Emblidge%20Sater%20%26%20Otis-San%20Francisco%20Federal%20Credit%20Union,1
Board%20Of%20Supervisors-Mar%2C%20Eric-Nielsen%20Merksamer%20Parrinello%20Gross%20%26%20Leoni%20Llp-Coalition%20For%20Better%20Housing,1
Board%20Of%20Supervisors-Mar%2C%20Eric-Nielsen%20Merksamer%20Parrinello%20Gross%20%26%20Leoni%20Llp-San%20Francisco%20Apartment%20Association,1
Board%20Of%20Supervisors-Mar%2C%20Eric-Reuben%2C%20Junius%20%26%20Rose%2C%20Llp-Daniel%20Rabin,1
Board%20Of%20Supervisors-Mar%2C%20Eric-Reuben%2C%20Junius%20%26%20Rose%2C%20Llp-Edward%20Shoikhet,1
Board%20Of%20Supervisors-Mar%2C%20Eric-San%20Francisco%20Chamber%20Of%20Commerce-San%20Francisco%20Chamber%20Of%20Commerce,3
Board%20Of%20Supervisors-Mar%2C%20Eric-Self-Cornerstone%20Consulting%20%26%20Technology%2C%20Inc.,7
Board%20Of%20Supervisors-Montejano%2C%20Jess-Committee%20On%20Jobs-Committee%20On%20Jobs,1
Board%20Of%20Supervisors-Montejano%2C%20Jess-San%20Francisco%20Chamber%20Of%20Commerce-San%20Francisco%20Chamber%20Of%20Commerce,1
Board%20Of%20Supervisors-Pagoulatos%2C%20Nick-Committee%20On%20Jobs-Committee%20On%20Jobs,2
Board%20Of%20Supervisors-Pagoulatos%2C%20Nick-Platinum%20Advisors-Wasserman%20Media%20Group,1
Board%20Of%20Supervisors-Pagoulatos%2C%20Nick-San%20Francisco%20Chamber%20Of%20Commerce-San%20Francisco%20Chamber%20Of%20Commerce,1
Board%20Of%20Supervisors-Power%2C%20Andres-Goodyear%20Peterson%20Hayward%20%26%20Associates-Uber%20Technologies,5
Board%20Of%20Supervisors-Power%2C%20Andres-Hanson%20Bridgett%20Llp-Anastasia%20Michaels%20And%20James%20Monschke,3
Board%20Of%20Supervisors-Power%2C%20Andres-Pacific%20Gas%20And%20Electric%20Company-Pacific%20Gas%20And%20Electric%20Company,6
Board%20Of%20Supervisors-Power%2C%20Andres-Platinum%20Advisors-Boston%20Properties%20Limited%20Partnership,1
Board%20Of%20Supervisors-Power%2C%20Andres-San%20Francisco%20Chamber%20Of%20Commerce-San%20Francisco%20Chamber%20Of%20Commerce,3
Board%20Of%20Supervisors-Powers%2C%20Andres-Committee%20On%20Jobs-Committee%20On%20Jobs,1
Board%20Of%20Supervisors-Quizon%2C%20Dyanna-Platinum%20Advisors-Wasserman%20Media%20Group,1
Board%20Of%20Supervisors-Quizon%2C%20Dyanna-San%20Francisco%20Association%20Of%20Realtors-San%20Francisco%20Association%20Of%20Realtors,3
Board%20Of%20Supervisors-Rahaim%2C%20John-San%20Francisco%20Chamber%20Of%20Commerce-San%20Francisco%20Chamber%20Of%20Commerce,1
Board%20Of%20Supervisors-Roxas%2C%20Samantha-Committee%20On%20Jobs-Committee%20On%20Jobs,1
Board%20Of%20Supervisors-Roxas%2C%20Samantha-San%20Francisco%20Chamber%20Of%20Commerce-San%20Francisco%20Chamber%20Of%20Commerce,5
Board%20Of%20Supervisors-Scanlon%2C%20Olivia-Bergdavis%20Public%20Affairs-Cvs,1
Board%20Of%20Supervisors-Scanlon%2C%20Olivia-Bergdavis%20Public%20Affairs-Cvs%20Pharmacy,1
Board%20Of%20Supervisors-Scanlon%2C%20Olivia-Bergdavis%20Public%20Affairs-Westlake%20Urban%2Cllc,2
Board%20Of%20Supervisors-Scanlon%2C%20Olivia-Lapointe%20And%20Associates-Archdiocese%20Of%20San%20Francisco,5
Board%20Of%20Supervisors-Stefani%2C%20Catherine-Committee%20On%20Jobs-Committee%20On%20Jobs,1
Board%20Of%20Supervisors-Stefani%2C%20Catherine-James%20Ross-Gap%20Inc.,2
Board%20Of%20Supervisors-Stefani%2C%20Catherine-San%20Francisco%20Chamber%20Of%20Commerce-San%20Francisco%20Chamber%20Of%20Commerce,1
Board%20Of%20Supervisors-Summers%2C%20Ashley-Goodyear-Peterson%2C%20Llc-Au%20Energy,1
Board%20Of%20Supervisors-Summers%2C%20Ashley-Lapointe%20And%20Associates-Archdiocese%20Of%20San%20Francisco,1
Board%20Of%20Supervisors-Summers%2C%20Ashley-San%20Francisco%20Association%20Of%20Realtors-San%20Francisco%20Association%20Of%20Realtors,1
Board%20Of%20Supervisors-Tang%2C%20Katy-Airbnb-Airbnb,2
Board%20Of%20Supervisors-Tang%2C%20Katy-Barbary%20Coast%20Consulting-Safeway,1
Board%20Of%20Supervisors-Tang%2C%20Katy-Bmwl%20%26%20Partners%2C%20Inc-American%20Beverage%20Association,1
Board%20Of%20Supervisors-Tang%2C%20Katy-Bmwl%20%26%20Partners%2C%20Inc-No%20On%20E%20Stop%20Unfair%20Beverage%20Taxes,1
Board%20Of%20Supervisors-Tang%2C%20Katy-Building%20Owners%20And%20Managers%20Association%20Of%20San%20Francisco-Boma%20San%20Francisco,7
Board%20Of%20Supervisors-Tang%2C%20Katy-Coalition%20For%20Better%20Housing-Coalition%20For%20Better%20Housing,1
Board%20Of%20Supervisors-Tang%2C%20Katy-Committee%20On%20Jobs-Committee%20On%20Jobs,1
Board%20Of%20Supervisors-Tang%2C%20Katy-Goodyear%20Peterson%20Hayward%20%26%20Associates-Integral%20Development%20Llc,1
Board%20Of%20Supervisors-Tang%2C%20Katy-Ground%20Floor%20Public%20Affairs-Lyft,1
Board%20Of%20Supervisors-Tang%2C%20Katy-Nielsen%20Merksamer%20Parrinello%20Gross%20%26%20Leoni%20Llp-Coalition%20For%20Better%20Housing,1
Board%20Of%20Supervisors-Tang%2C%20Katy-Nielsen%20Merksamer%20Parrinello%20Gross%20%26%20Leoni%20Llp-San%20Francisco%20Apartment%20Association,1
Board%20Of%20Supervisors-Tang%2C%20Katy-Pacific%20Gas%20And%20Electric%20Company-Pacific%20Gas%20And%20Electric%20Company,2
Board%20Of%20Supervisors-Tang%2C%20Katy-Patty-Jo%20Rutland%20Consulting%20Llc-Uber,1
Board%20Of%20Supervisors-Tang%2C%20Katy-Platinum%20Advisors-Boston%20Properties%20Limited%20Partnership,1
Board%20Of%20Supervisors-Tang%2C%20Katy-Platinum%20Advisors-Wasserman%20Media%20Group,1
Board%20Of%20Supervisors-Tang%2C%20Katy-Reuben%2C%20Junius%20%26%20Rose%2C%20Llp-Boston%20Properties,1
Board%20Of%20Supervisors-Tang%2C%20Katy-Reuben%2C%20Junius%20%26%20Rose%2C%20Llp-Daniel%20Rabin,1
Board%20Of%20Supervisors-Tang%2C%20Katy-Reuben%2C%20Junius%20%26%20Rose%2C%20Llp-Edward%20Shoikhet,1
Board%20Of%20Supervisors-Tang%2C%20Katy-Reuben%2C%20Junius%20%26%20Rose%2C%20Llp-Jeremy%20Ricks,2
Board%20Of%20Supervisors-Tang%2C%20Katy-San%20Francisco%20Association%20Of%20Realtors-San%20Francisco%20Association%20Of%20Realtors,4
Board%20Of%20Supervisors-Tang%2C%20Katy-San%20Francisco%20Chamber%20Of%20Commerce-San%20Francisco%20Chamber%20Of%20Commerce,2
Board%20Of%20Supervisors-Tang%2C%20Katy-Sfaa-Sfaa,1
Board%20Of%20Supervisors-True%2C%20Jason-San%20Francisco%20Chamber%20Of%20Commerce-San%20Francisco%20Chamber%20Of%20Commerce,6
Board%20Of%20Supervisors-True%2C%20Judson-At%26t-At%26t%20California,2
Board%20Of%20Supervisors-True%2C%20Judson-Bergdavis%20Public%20Affairs-Cvs%20Pharmacy,1
Board%20Of%20Supervisors-True%2C%20Judson-Building%20Owners%20And%20Managers%20Association%20Of%20San%20Francisco-Boma%20San%20Francisco,3
Board%20Of%20Supervisors-True%2C%20Judson-Comcast%20Corporation-Comcast%20Corporation,3
Board%20Of%20Supervisors-True%2C%20Judson-Committee%20On%20Jobs-Committee%20On%20Jobs,2
Board%20Of%20Supervisors-True%2C%20Judson-Lapointe%20And%20Associates-Archdiocese%20Of%20San%20Francisco,2
Board%20Of%20Supervisors-True%2C%20Judson-Reuben%2C%20Junius%20%26%20Rose%2C%20Llp-Contest%20Promotions,1
Board%20Of%20Supervisors-True%2C%20Judson-Reuben%2C%20Junius%20%26%20Rose%2C%20Llp-Jeremy%20Ricks,4
Board%20Of%20Supervisors-True%2C%20Judson-San%20Francisco%20Chamber%20Of%20Commerce-San%20Francisco%20Chamber%20Of%20Commerce,1
Board%20Of%20Supervisors-True%2C%20Judson-Self-Verizon%20Wireless,1
Board%20Of%20Supervisors-Vaneracion%2C%20April-San%20Francisco%20Chamber%20Of%20Commerce-San%20Francisco%20Chamber%20Of%20Commerce,1
Board%20Of%20Supervisors-Veneracion%20Ang%2C%20April-Goodyear%20Peterson%20Hayward%20%26%20Associates-Integral%20Development%20Llc,1
Board%20Of%20Supervisors-Veneracion%20Ang%2C%20April-Goodyear-Peterson%2C%20Llc-Integral%20Development%20Llc,3
Board%20Of%20Supervisors-Veneracion%2C%20April-Platinum%20Advisors-1140%20Folsom%20Llc,1
Board%20Of%20Supervisors-Wiener%2C%20Scott-Airbnb-Airbnb,3
Board%20Of%20Supervisors-Wiener%2C%20Scott-At%26t-At%26t%20California,1
Board%20Of%20Supervisors-Wiener%2C%20Scott-Barbary%20Coast%20Consulting-San%20Francisco%20Federal%20Credit%20Union,1
Board%20Of%20Supervisors-Wiener%2C%20Scott-Barbary%20Coast%20Consulting-Umpqua%20Bank,1
Board%20Of%20Supervisors-Wiener%2C%20Scott-Baybio-Baybio,2
Board%20Of%20Supervisors-Wiener%2C%20Scott-Bergdavis%20Public%20Affairs-Westlake%20Urban%2Cllc,1
Board%20Of%20Supervisors-Wiener%2C%20Scott-Bmwl%20%26%20Partners%2C%20Inc-American%20Beverage%20Association,1
Board%20Of%20Supervisors-Wiener%2C%20Scott-Building%20Owners%20And%20Managers%20Association%20Of%20San%20Francisco-Boma%20San%20Francisco,12
Board%20Of%20Supervisors-Wiener%2C%20Scott-Coalition%20For%20Better%20Housing-Coalition%20For%20Better%20Housing,1
Board%20Of%20Supervisors-Wiener%2C%20Scott-Committee%20On%20Jobs-Committee%20On%20Jobs,9
Board%20Of%20Supervisors-Wiener%2C%20Scott-Goodyear%20Peterson%20Hayward%20%26%20Associates-Integral%20Development%20Llc,1
Board%20Of%20Supervisors-Wiener%2C%20Scott-Ground%20Floor%20Public%20Affairs-Lyft,1
Board%20Of%20Supervisors-Wiener%2C%20Scott-Hanson%20Bridgett%20Llp-Anastasia%20Michaels%20And%20James%20Monschke,2
Board%20Of%20Supervisors-Wiener%2C%20Scott-Kevin%20Carroll-San%20Francisco%20Hotel%20Council,1
Board%20Of%20Supervisors-Wiener%2C%20Scott-Lapointe%20And%20Associates-181%20Fremont%20%20Llc,2
Board%20Of%20Supervisors-Wiener%2C%20Scott-Lapointe%20And%20Associates-Archdiocese%20Of%20San%20Francisco,15
Board%20Of%20Supervisors-Wiener%2C%20Scott-Lapointe%20And%20Associates-Forest%20City%20Enterprises,1
Board%20Of%20Supervisors-Wiener%2C%20Scott-Lapointe%20And%20Associates-Lennar%20Urban,1
Board%20Of%20Supervisors-Wiener%2C%20Scott-Moscone%20Emblidge%20Sater%20%26%20Otis-Aids%20Healthcare%20Foundation,1
Board%20Of%20Supervisors-Wiener%2C%20Scott-Moscone%20Emblidge%20Sater%20%26%20Otis-San%20Francisco%20Federal%20Credit%20Union,1
Board%20Of%20Supervisors-Wiener%2C%20Scott-Nielsen%20Merksamer%20Parrinello%20Gross%20%26%20Leoni%20Llp-Coalition%20For%20Better%20Housing,1
Board%20Of%20Supervisors-Wiener%2C%20Scott-Nielsen%20Merksamer%20Parrinello%20Gross%20%26%20Leoni%20Llp-San%20Francisco%20Apartment%20Association,1
Board%20Of%20Supervisors-Wiener%2C%20Scott-Pacific%20Gas%20And%20Electric%20Company-Pacific%20Gas%20And%20Electric%20Company,1
Board%20Of%20Supervisors-Wiener%2C%20Scott-Patty-Jo%20Rutland%20Consulting%20Llc-Uber,1
Board%20Of%20Supervisors-Wiener%2C%20Scott-Philip%20Lesser-Manouch%20Moshayedi,1
Board%20Of%20Supervisors-Wiener%2C%20Scott-Platinum%20Advisors-Bay%20West%20Development,1
Board%20Of%20Supervisors-Wiener%2C%20Scott-Platinum%20Advisors-Boston%20Properties%20Limited%20Partnership,2
Board%20Of%20Supervisors-Wiener%2C%20Scott-Public%20Advocacy%20Partners-Maximus%20Real%20Estate%20Partners,1
Board%20Of%20Supervisors-Wiener%2C%20Scott-Reuben%2C%20Junius%20%26%20Rose%2C%20Llp-Boston%20Properties,3
Board%20Of%20Supervisors-Wiener%2C%20Scott-Reuben%2C%20Junius%20%26%20Rose%2C%20Llp-Contest%20Promotions,7
Board%20Of%20Supervisors-Wiener%2C%20Scott-Reuben%2C%20Junius%20%26%20Rose%2C%20Llp-Daniel%20Rabin,1
Board%20Of%20Supervisors-Wiener%2C%20Scott-Reuben%2C%20Junius%20%26%20Rose%2C%20Llp-Edward%20Shoikhet,1
Board%20Of%20Supervisors-Wiener%2C%20Scott-Reuben%2C%20Junius%20%26%20Rose%2C%20Llp-Jeremy%20Ricks,1
Board%20Of%20Supervisors-Wiener%2C%20Scott-Reuben%2C%20Junius%20%26%20Rose%2C%20Llp-Mello-Roos,1
Board%20Of%20Supervisors-Wiener%2C%20Scott-San%20Francisco%20Association%20Of%20Realtors-San%20Francisco%20Association%20Of%20Realtors,1
Board%20Of%20Supervisors-Wiener%2C%20Scott-San%20Francisco%20Chamber%20Of%20Commerce-San%20Francisco%20Chamber%20Of%20Commerce,9
Board%20Of%20Supervisors-Wiener%2C%20Scott-Sfaa-Sfaa,3
Board%20Of%20Supervisors-Yee%2C%20Norman-Airbnb-Airbnb,3
Board%20Of%20Supervisors-Yee%2C%20Norman-Barbary%20Coast%20Consulting-San%20Francisco%20Federal%20Credit%20Union,2
Board%20Of%20Supervisors-Yee%2C%20Norman-Bergdavis%20Public%20Affairs-Cvs,1
Board%20Of%20Supervisors-Yee%2C%20Norman-Bergdavis%20Public%20Affairs-Westlake%20Urban%2Cllc,2
Board%20Of%20Supervisors-Yee%2C%20Norman-Bmwl%20%26%20Partners%2C%20Inc-American%20Beverage%20Association,2
Board%20Of%20Supervisors-Yee%2C%20Norman-Building%20Owners%20And%20Managers%20Association%20Of%20San%20Francisco-Boma%20San%20Francisco,6
Board%20Of%20Supervisors-Yee%2C%20Norman-Coalition%20For%20Better%20Housing-Coalition%20For%20Better%20Housing,1
Board%20Of%20Supervisors-Yee%2C%20Norman-Goodyear%20Peterson%20Hayward%20%26%20Associates-Integral%20Development%20Llc,1
Board%20Of%20Supervisors-Yee%2C%20Norman-Ground%20Floor%20Public%20Affairs-Airbnb,1
Board%20Of%20Supervisors-Yee%2C%20Norman-Lapointe%20And%20Associates-181%20Fremont%20%20Llc,1
Board%20Of%20Supervisors-Yee%2C%20Norman-Lapointe%20And%20Associates-Archdiocese%20Of%20San%20Francisco,1
Board%20Of%20Supervisors-Yee%2C%20Norman-Moscone%20Emblidge%20Sater%20%26%20Otis-San%20Francisco%20Federal%20Credit%20Union,1
Board%20Of%20Supervisors-Yee%2C%20Norman-Nielsen%20Merksamer%20Parrinello%20Gross%20%26%20Leoni%20Llp-Coalition%20For%20Better%20Housing,1
Board%20Of%20Supervisors-Yee%2C%20Norman-Nielsen%20Merksamer%20Parrinello%20Gross%20%26%20Leoni%20Llp-San%20Francisco%20Apartment%20Association,1
Board%20Of%20Supervisors-Yee%2C%20Norman-Reuben%2C%20Junius%20%26%20Rose%2C%20Llp-Daniel%20Rabin,1
Board%20Of%20Supervisors-Yee%2C%20Norman-San%20Francisco%20Association%20Of%20Realtors-San%20Francisco%20Association%20Of%20Realtors,4
Building%20Inspection%20Department%20Of-Lowrey%2C%20Daniel-Hanson%20Bridgett%20Llp-Towerstream%20Corporation,1
Building%20Inspection%20Department%20Of-Ma%2C%20Jeffrey-Reuben%2C%20Junius%20%26%20Rose%2C%20Llp-Hines%20Corporation,1
City%20Administrator-Kelly%2C%20Naomi-Barbary%20Coast%20Consulting-Sf%20Spca,1
City%20Administrator-Kelly%2C%20Naomi-Bmwl%20%26%20Partners%2C%20Inc-San%20Francisco%20Arts%20Alliance,1
City%20Administrator-Kelly%2C%20Naomi-Pacific%20Gas%20And%20Electric%20Company-Pacific%20Gas%20And%20Electric%20Company,2
City%20Administrator-Mandel%2C%20Donna-Committee%20On%20Jobs-Committee%20On%20Jobs,1
City%20Administrator-Otellini%2C%20Patrick-Lapointe%20And%20Associates-Archdiocese%20Of%20San%20Francisco,16
City%20Administrator-Otellini%2C%20Patrick-Pacific%20Gas%20And%20Electric%20Company-Pacific%20Gas%20And%20Electric%20Company,1
City%20Administrator-Wanyan%2C%20Ling-Committee%20On%20Jobs-Committee%20On%20Jobs,2
City%20Attorney%20Office%20Of%20The-Blake%2C%20Mark-Reuben%2C%20Junius%20%26%20Rose%2C%20Llp-Boston%20Properties,2
City%20Attorney%20Office%20Of%20The-Givner%2C%20Jon-Committee%20On%20Jobs-Committee%20On%20Jobs,1
City%20Attorney%20Office%20Of%20The-Herrera%2C%20Dennis-Baybio-Baybio,1
City%20Attorney%20Office%20Of%20The-Herrera%2C%20Dennis-Nielsen%20Merksamer%20Parrinello%20Gross%20%26%20Leoni%20Llp-Coalition%20For%20Better%20Housing,1
City%20Attorney%20Office%20Of%20The-Herrera%2C%20Dennis-Nielsen%20Merksamer%20Parrinello%20Gross%20%26%20Leoni%20Llp-San%20Francisco%20Apartment%20Association,1
City%20Attorney%20Office%20Of%20The-Herrera%2C%20Dennis-Reuben%2C%20Junius%20%26%20Rose%2C%20Llp-Boston%20Properties,13
City%20Attorney%20Office%20Of%20The-Herrera%2C%20Dennis-Reuben%2C%20Junius%20%26%20Rose%2C%20Llp-Contest%20Promotions,1
City%20Attorney%20Office%20Of%20The-Herrera%2C%20Dennis-Reuben%2C%20Junius%20%26%20Rose%2C%20Llp-Gemdale%20Usa%20Corporation,2
City%20Attorney%20Office%20Of%20The-Herrera%2C%20Dennis-Reuben%2C%20Junius%20%26%20Rose%2C%20Llp-Mello-Roos,3
City%20Attorney%20Office%20Of%20The-Herrera%2C%20Dennis-Reuben%2C%20Junius%20%26%20Rose%2C%20Llp-Tmg%20Partners,4
City%20Attorney%20Office%20Of%20The-Herrera%2C%20Dennis-San%20Francisco%20Chamber%20Of%20Commerce-San%20Francisco%20Chamber%20Of%20Commerce,1
City%20Attorney%20Office%20Of%20The-Kennedy%2C%20John-Barbary%20Coast%20Consulting-Zirx,2
City%20Attorney%20Office%20Of%20The-Morley%2C%20Miriam-Barbary%20Coast%20Consulting-Zirx,1
City%20Attorney%20Office%20Of%20The-Rich%2C%20Ken-Reuben%2C%20Junius%20%26%20Rose%2C%20Llp-100%20Hooper%20Fee%20Owner%2C%20Llc,1
City%20Attorney%20Office%20Of%20The-Smith%2C%20Jesse-Platinum%20Advisors-Boston%20Properties%20Limited%20Partnership,1
City%20Attorney%20Office%20Of%20The-Smith%2C%20Jesse-Reuben%2C%20Junius%20%26%20Rose%2C%20Llp-Boston%20Properties,2
City%20Attorney%20Office%20Of%20The-Smith%2C%20Jesse-Reuben%2C%20Junius%20%26%20Rose%2C%20Llp-Mello-Roos,2
City%20Attorney%20Office%20Of%20The-Stacy%2C%20Kate-Reuben%2C%20Junius%20%26%20Rose%2C%20Llp-Fuel%20Outdoor%20Llc,2
City%20Attorney%20Office%20Of%20The-Warren%2C%20Elaine-Tzk%20Broadway%2C%20Llc-Tzk%20Broadway%2C%20Llc,2
Community%20Development%20Mayor%27s%20Office%20Of-Bohee%2C%20Tiffany-Lapointe%20And%20Associates-181%20Fremont%20%20Llc,7
Community%20Development%20Mayor%27s%20Office%20Of-Bohee%2C%20Tiffany-Lapointe%20And%20Associates-Lennar%20Communities,1
Community%20Development%20Mayor%27s%20Office%20Of-Bohee%2C%20Tiffany-Lapointe%20And%20Associates-Lennar%20Urban,4
Controller%20Office%20Of%20The-Augustine%2C%20David-Visa-Visa%2C%20Inc,1
Controller%20Office%20Of%20The-Marx%2C%20Pauline-Visa-Visa%2C%20Inc,2
Controller%20Office%20Of%20The-Rosenfield%2C%20Ben-Committee%20On%20Jobs-Committee%20On%20Jobs,1
Controller%20Office%20Of%20The-Rosenfield%2C%20Ben-Ground%20Floor%20Public%20Affairs-Square%2C%20Inc.,1
Controller%20Office%20Of%20The-Rosenfield%2C%20Ben-Visa-Visa%2C%20Inc,1
District%20Attorney%20Office%20Of%20The-Catalona%2C%20Karen-Karin%20Flood-Usbid,2
District%20Attorney%20Office%20Of%20The-Gasc%C3%A3%C2%B3n%2C%20George-Karin%20Flood-Usbid,2
District%20Attorney%20Office%20Of%20The-Gasc%C3%A3%C2%B3n%2C%20George-San%20Francisco%20Chamber%20Of%20Commerce-San%20Francisco%20Chamber%20Of%20Commerce,1
District%20Attorney%20Office%20Of%20The-Smith%2C%20Jesse-Barbary%20Coast%20Consulting-Zirx,3
Economic%20And%20Workforce%20Development%2C%20Office%20Of-Cohen%2C%20Amy-Committee%20On%20Jobs-Committee%20On%20Jobs,1
Economic%20And%20Workforce%20Development%2C%20Office%20Of-Cohen%2C%20Amy-Goodyear-Peterson%2C%20Llc-Hudson%20Pacific%20Properties%2C%20Inc.,1
Economic%20And%20Workforce%20Development%2C%20Office%20Of-Cohen%2C%20Amy-James%20Ross-Gap%20Inc.,3
Economic%20And%20Workforce%20Development%2C%20Office%20Of-Cohen%2C%20Amy-San%20Francisco%20Chamber%20Of%20Commerce-San%20Francisco%20Chamber%20Of%20Commerce,8
Economic%20And%20Workforce%20Development%2C%20Office%20Of-Egan%2C%20Edmund-Visa-Visa%2C%20Inc,1
Economic%20And%20Workforce%20Development%2C%20Office%20Of-Grisso%2C%20Mike-Platinum%20Advisors-Boston%20Properties%20Limited%20Partnership,1
Economic%20And%20Workforce%20Development%2C%20Office%20Of-Lau%2C%20Jon-Hanson%20Bridgett%20Llp-Wsh%20Productions%20Llc,2
Economic%20And%20Workforce%20Development%2C%20Office%20Of-Pagan%2C%20Lisa-Karin%20Flood-Usbid,3
Economic%20And%20Workforce%20Development%2C%20Office%20Of-Parker%2C%20Ellyn-Goodyear-Peterson%2C%20Llc-Hudson%20Pacific%20Properties%2C%20Inc.,1
Economic%20And%20Workforce%20Development%2C%20Office%20Of-Rich%2C%20Ken-Barbary%20Coast%20Consulting-Kilroy%20Realty,2
Economic%20And%20Workforce%20Development%2C%20Office%20Of-Rich%2C%20Ken-Barbary%20Coast%20Consulting-Paramount%20Group%2C%20Inc.,2
Economic%20And%20Workforce%20Development%2C%20Office%20Of-Rich%2C%20Ken-Platinum%20Advisors-Boston%20Properties%20Limited%20Partnership,3
Economic%20And%20Workforce%20Development%2C%20Office%20Of-Rich%2C%20Ken-Platinum%20Advisors-Equity%20Residential,1
Economic%20And%20Workforce%20Development%2C%20Office%20Of-Rufo%2C%20Todd-Platinum%20Advisors-Bay%20West%20Development,1
Economic%20And%20Workforce%20Development%2C%20Office%20Of-Rufo%2C%20Todd-Reuben%2C%20Junius%20%26%20Rose%2C%20Llp-100%20Hooper%20Fee%20Owner%2C%20Llc,3
Economic%20And%20Workforce%20Development%2C%20Office%20Of-Rufo%2C%20Todd-San%20Francisco%20Chamber%20Of%20Commerce-San%20Francisco%20Chamber%20Of%20Commerce,2
Economic%20And%20Workforce%20Development%2C%20Office%20Of-Rufo%2C%20Todd-Visa-Visa%2C%20Inc,1
Economic%20And%20Workforce%20Development%2C%20Office%20Of-Rufo%2C%20Todd-Walgreen%20Co.-Walgreen%20Co.,1
Emergency%20Management%20Department%20Of-Kronenburg%2C%20Anne-Self-Extenet%20Systems%2C%20Inc.%2C,1
Entertainment%20Commission-Blackstone%2C%20Cammy-Sgc%20Strategic%20Communications-Golden%20Gate%20Tap%20Room,1
Environment%2C%20Department%20Of%20The-Raphael%2C%20Debbie-Pacific%20Gas%20And%20Electric%20Company-Pacific%20Gas%20And%20Electric%20Company,2
Ethics%20Commission-Mainardi%2C%20Jesse-Committee%20On%20Jobs-Committee%20On%20Jobs,1
Fire%20Commission-Cleaveland%2C%20Ken-San%20Francisco%20Chamber%20Of%20Commerce-San%20Francisco%20Chamber%20Of%20Commerce,1
Fire%20Commission-Nakajo%2C%20Steve-Building%20Owners%20And%20Managers%20Association%20Of%20San%20Francisco-Boma%20San%20Francisco,1
Fire%20Department-Hayes-White%2C%20Joanne-Building%20Owners%20And%20Managers%20Association%20Of%20San%20Francisco-Boma%20San%20Francisco,1
Fire%20Department-Hayes-White%2C%20Joanne-Goodyear%20Peterson%20Hayward%20%26%20Associates-Market%20Street%20Place,1
Fire%20Department-Hayes-White%2C%20Joanne-Pacific%20Gas%20And%20Electric%20Company-Pacific%20Gas%20And%20Electric%20Company,1
General%20Services%20Agency-Updike%2C%20John-Farella%20Braun%20And%20Martel-Aidila%20Investments%2C%20Llc,1
General%20Services%20Agency-Updike%2C%20John-Ground%20Floor%20Public%20Affairs-San%20Francisco%20Police%20Officer%27s%20Assoc.,2
General%20Services%20Agency-Updike%2C%20John-Platinum%20Advisors-Trumark%20Commercial,1
General%20Services%20Agency-Updike%2C%20John-Tishman%20Speyer%20Properties%2C%20L.p.-Tishman%20Speyer%20Properties%2C%20L.p.,9
Health%20Service%20System-Rhorer%2C%20Trent-Ground%20Floor%20Public%20Affairs-St.%20Vincent%20De%20Paul,1
Historic%20Preservation%20Commission-Hasz%2C%20Karl-Goodyear%20Peterson%20Hayward%20%26%20Associates-Leport%20Schools,1
Historic%20Preservation%20Commission-Hasz%2C%20Karl-Reuben%2C%20Junius%20%26%20Rose%2C%20Llp-Apple%2C%20Inc.,1
Historic%20Preservation%20Commission-Hasz%2C%20Karl-Reuben%2C%20Junius%20%26%20Rose%2C%20Llp-Sailors%27%20Union%20Of%20The%20Pacific,1
Historic%20Preservation%20Commission-Johnck%2C%20Ellen-Reuben%2C%20Junius%20%26%20Rose%2C%20Llp-Apple%2C%20Inc.,2
Historic%20Preservation%20Commission-Johns%2C%20Richard%20S.e.-Reuben%2C%20Junius%20%26%20Rose%2C%20Llp-Apple%2C%20Inc.,1
Historic%20Preservation%20Commission-Matsuda%2C%20Diane-Reuben%2C%20Junius%20%26%20Rose%2C%20Llp-Gemdale%20Usa%20Corporation,1
Historic%20Preservation%20Commission-Wolfram%2C%20Andrew-Reuben%2C%20Junius%20%26%20Rose%2C%20Llp-Gemdale%20Usa%20Corporation,1
Human%20Services%20Commission-Rohrer%2C%20Trent-Ground%20Floor%20Public%20Affairs-St.%20Vincent%20De%20Paul,1
Mayor%20Office%20Of%20The-Buckley%2C%20Jeff-Committee%20On%20Jobs-Committee%20On%20Jobs,2
Mayor%20Office%20Of%20The-Buckley%2C%20Jeff-San%20Francisco%20Association%20Of%20Realtors-San%20Francisco%20Association%20Of%20Realtors,7
Mayor%20Office%20Of%20The-Cohen%2C%20Martha-Bergdavis%20Public%20Affairs-Nike%2C%20Inc.,7
Mayor%20Office%20Of%20The-Dufty%2C%20Bevan-Public%20Advocacy%20Partners-Maximus%20Real%20Estate%20Partners,1
Mayor%20Office%20Of%20The-Elliott%2C%20Jason-Committee%20On%20Jobs-Committee%20On%20Jobs,6
Mayor%20Office%20Of%20The-Elliott%2C%20Jason-Goodyear%20Peterson%20Hayward%20%26%20Associates-At%26t%20California,7
Mayor%20Office%20Of%20The-Elliott%2C%20Jason-Goodyear-Peterson%2C%20Llc-Facebook,1
Mayor%20Office%20Of%20The-Elliott%2C%20Jason-Pacific%20Gas%20And%20Electric%20Company-Pacific%20Gas%20And%20Electric%20Company,1
Mayor%20Office%20Of%20The-Elliott%2C%20Jason-San%20Francisco%20Association%20Of%20Realtors-San%20Francisco%20Association%20Of%20Realtors,2
Mayor%20Office%20Of%20The-Elliott%2C%20Jason-San%20Francisco%20Chamber%20Of%20Commerce-San%20Francisco%20Chamber%20Of%20Commerce,14
Mayor%20Office%20Of%20The-Elliott%2C%20Jason-Visa-Visa%2C%20Inc,2
Mayor%20Office%20Of%20The-Elliott%2C%20Nicole-Building%20Owners%20And%20Managers%20Association%20Of%20San%20Francisco-Boma%20San%20Francisco,1
Mayor%20Office%20Of%20The-Garcia%2C%20Tiffany-Hanson%20Bridgett%20Llp-Bluxome%20Partners%2C%20Llc,1
Mayor%20Office%20Of%20The-Gillett%2C%20Gillian-Goodyear%20Peterson%20Hayward%20%26%20Associates-Hearst%20Corporation,1
Mayor%20Office%20Of%20The-Gillett%2C%20Gillian-Goodyear-Peterson%2C%20Llc-Facebook,1
Mayor%20Office%20Of%20The-Hallisey%2C%20Jeremy-Platinum%20Advisors-Equity%20Residential,1
Mayor%20Office%20Of%20The-Kawa%2C%20Steve-Barbary%20Coast%20Consulting-Paramount%20Group%2C%20Inc.,2
Mayor%20Office%20Of%20The-Kawa%2C%20Steve-Building%20Owners%20And%20Managers%20Association%20Of%20San%20Francisco-Boma%20San%20Francisco,4
Mayor%20Office%20Of%20The-Kawa%2C%20Steve-Committee%20On%20Jobs-Committee%20On%20Jobs,2
Mayor%20Office%20Of%20The-Kawa%2C%20Steve-San%20Francisco%20Chamber%20Of%20Commerce-San%20Francisco%20Chamber%20Of%20Commerce,2
Mayor%20Office%20Of%20The-Kawa%2C%20Steve-Self-Verizon%20Wireless,1
Mayor%20Office%20Of%20The-Kim%2C%20Roger-Pacific%20Gas%20And%20Electric%20Company-Pacific%20Gas%20And%20Electric%20Company,7
Mayor%20Office%20Of%20The-Lee%2C%20Ed-Barbary%20Coast%20Consulting-Safeway,1
Mayor%20Office%20Of%20The-Lee%2C%20Ed-Baybio-Baybio,15
Mayor%20Office%20Of%20The-Lee%2C%20Ed-Bmwl%20%26%20Partners%2C%20Inc-San%20Francisco%20Arts%20Alliance,1
Mayor%20Office%20Of%20The-Lee%2C%20Ed-Building%20Owners%20And%20Managers%20Association%20Of%20San%20Francisco-Boma%20San%20Francisco,2
Mayor%20Office%20Of%20The-Lee%2C%20Ed-Coalition%20For%20Better%20Housing-Coalition%20For%20Better%20Housing,1
Mayor%20Office%20Of%20The-Lee%2C%20Ed-Ground%20Floor%20Public%20Affairs-Square%2C%20Inc.,2
Mayor%20Office%20Of%20The-Lee%2C%20Ed-Nielsen%20Merksamer%20Parrinello%20Gross%20%26%20Leoni%20Llp-Coalition%20For%20Better%20Housing,1
Mayor%20Office%20Of%20The-Lee%2C%20Ed-Nielsen%20Merksamer%20Parrinello%20Gross%20%26%20Leoni%20Llp-San%20Francisco%20Apartment%20Association,1
Mayor%20Office%20Of%20The-Lee%2C%20Ed-Pacific%20Gas%20And%20Electric%20Company-Pacific%20Gas%20And%20Electric%20Company,2
Mayor%20Office%20Of%20The-Lee%2C%20Ed-Public%20Advocacy%20Partners-Maximus%20Real%20Estate%20Partners,1
Mayor%20Office%20Of%20The-Lee%2C%20Ed-Public%20Advocacy%20Partners-Parkmerced%20Investors%20Llc,1
Mayor%20Office%20Of%20The-Lee%2C%20Ed-San%20Francisco%20Association%20Of%20Realtors-San%20Francisco%20Association%20Of%20Realtors,2
Mayor%20Office%20Of%20The-Lee%2C%20Ed-Visa-Visa%2C%20Inc,5
Mayor%20Office%20Of%20The-Lee%2C%20Ed-Willie%20Brown-Boston%20Properties,5
Mayor%20Office%20Of%20The-Lee%2C%20Edwin-Building%20Owners%20And%20Managers%20Association%20Of%20San%20Francisco-Boma%20San%20Francisco,3
Mayor%20Office%20Of%20The-Lee%2C%20Edwin-Karin%20Flood-Usbid,1
Mayor%20Office%20Of%20The-Lee%2C%20Mayor%20Ed-Michael%20Yaki-Barneys%20New%20York,1
Mayor%20Office%20Of%20The-Otellini%2C%20Patrick-Goodyear%20Peterson%20Hayward%20%26%20Associates-Jacobs%20Engineering%20Group%2C%20Inc.,1
Mayor%20Office%20Of%20The-Rich%2C%20Ken-Barbary%20Coast%20Consulting-Kilroy%20Realty,1
Mayor%20Office%20Of%20The-Rich%2C%20Ken-Barbary%20Coast%20Consulting-Safeway,1
Mayor%20Office%20Of%20The-Rich%2C%20Ken-Bergdavis%20Public%20Affairs-Landmark%20Retail%20Group,3
Mayor%20Office%20Of%20The-Rich%2C%20Ken-Bergdavis%20Public%20Affairs-Nike%2C%20Inc.,1
Mayor%20Office%20Of%20The-Rich%2C%20Ken-Hms%20Associates-Forest%20City,1
Mayor%20Office%20Of%20The-Rich%2C%20Ken-Reuben%2C%20Junius%20%26%20Rose%2C%20Llp-Boston%20Properties,2
Mayor%20Office%20Of%20The-Rich%2C%20Ken-Reuben%2C%20Junius%20%26%20Rose%2C%20Llp-Mello-Roos,3
Mayor%20Office%20Of%20The-Ruffo%2C%20Todd-Visa-Visa%2C%20Inc,1
Mayor%20Office%20Of%20The-Rufo%2C%20Todd-Bergdavis%20Public%20Affairs-Nike%2C%20Inc.,1
Mayor%20Office%20Of%20The-Rufo%2C%20Todd-Building%20Owners%20And%20Managers%20Association%20Of%20San%20Francisco-Boma%20San%20Francisco,1
Mayor%20Office%20Of%20The-Rufo%2C%20Todd-Committee%20On%20Jobs-Committee%20On%20Jobs,5
Mayor%20Office%20Of%20The-Rufo%2C%20Todd-Hanson%20Bridgett%20Llp-Bently%20Holdings,1
Mayor%20Office%20Of%20The-Rufo%2C%20Todd-Hanson%20Bridgett%20Llp-Pbv%20Vi%2C%20Llc,1
Mayor%20Office%20Of%20The-Rufo%2C%20Todd-San%20Francisco%20Chamber%20Of%20Commerce-San%20Francisco%20Chamber%20Of%20Commerce,2
Mayor%20Office%20Of%20The-Rufo%2C%20Todd-Self-Bgn%20Properties%2C%20Llc,2
Mayor%20Office%20Of%20The-Sesay%2C%20Nadia-Reuben%2C%20Junius%20%26%20Rose%2C%20Llp-Boston%20Properties,1
Mayor%20Office%20Of%20The-Simmons%2C%20Rhonda-Bergdavis%20Public%20Affairs-Home%20Depot,1
Mayor%20Office%20Of%20The-Taupier%2C%20Ann-Bergdavis%20Public%20Affairs-Group%20I,6
Mayor%20Office%20Of%20The-Taupier%2C%20Anne-Bergdavis%20Public%20Affairs-Nike%2C%20Inc.,6
Mayor%20Office%20Of%20The-Taupier%2C%20Anne-Bmwl%20%26%20Partners%2C%20Inc-Equity%20Office,1
Mayor%20Office%20Of%20The-Wheaton%2C%20Nicole-Building%20Owners%20And%20Managers%20Association%20Of%20San%20Francisco-Boma%20San%20Francisco,2
Mayor%20Office%20Of%20The-Wheaton%2C%20Nicole-Committee%20On%20Jobs-Committee%20On%20Jobs,11
Mayor%20Office%20Of%20The-Wheaton%2C%20Nicole-Platinum%20Advisors-Equity%20Residential,1
Mayor%20Office%20Of%20The-Wheaton%2C%20Nicole-San%20Francisco%20Chamber%20Of%20Commerce-San%20Francisco%20Chamber%20Of%20Commerce,15
Mayor%20Office%20Of%20The-Winnicker%2C%20Tony-Committee%20On%20Jobs-Committee%20On%20Jobs,2
Mayor%20Office%20Of%20The-Winnicker%2C%20Tony-Goodyear-Peterson%2C%20Llc-Facebook,1
Mayor%20Office%20Of%20The-Winnicker%2C%20Tony-San%20Francisco%20Association%20Of%20Realtors-San%20Francisco%20Association%20Of%20Realtors,1
Mayor%27s%20Office%20On%20Housing-Hayward%2C%20Sophie-Bergdavis%20Public%20Affairs-Related%20California,2
Mayor%27s%20Office%20On%20Housing-Hayward%2C%20Sophie-Sfaa-Sfaa,1
Mayor%27s%20Office%20On%20Housing-Lee%2C%20Olsen-Barbary%20Coast%20Consulting-Paramount%20Group%2C%20Inc.,3
Mayor%27s%20Office%20On%20Housing-Rich%2C%20Ken-Bergdavis%20Public%20Affairs-Group%20I,9
Mayor%27s%20Office%20On%20Housing-Rich%2C%20Ken-Bergdavis%20Public%20Affairs-Oryx%20Partners%20Llc,3
Municipal%20Transportation%20Agency-Borden%2C%20Gwyneth-Ground%20Floor%20Public%20Affairs-Lyft,1
Municipal%20Transportation%20Agency-Bose%2C%20Sonali-Platinum%20Advisors-Wasserman%20Media%20Group,2
Municipal%20Transportation%20Agency-Bose%2C%20Sonali-Self-Extenet%20Systems%2C%20Inc.%2C,2
Municipal%20Transportation%20Agency-Bose%2C%20Sonali-Self-Verizon%20Wireless,2
Municipal%20Transportation%20Agency-Broady%2C%20Scott-Pacific%20Gas%20And%20Electric%20Company-Pacific%20Gas%20And%20Electric%20Company,1
Municipal%20Transportation%20Agency-Funghi%2C%20John-Michael%20Yaki-Barneys%20New%20York,21
Municipal%20Transportation%20Agency-Funghi%2C%20John-Pacific%20Gas%20And%20Electric%20Company-Pacific%20Gas%20And%20Electric%20Company,2
Municipal%20Transportation%20Agency-Iberri%2C%20Licninia-Self-Verizon%20Wireless,1
Municipal%20Transportation%20Agency-Maguire%2C%20Tom-San%20Francisco%20Chamber%20Of%20Commerce-San%20Francisco%20Chamber%20Of%20Commerce,3
Municipal%20Transportation%20Agency-Malone%2C%20Rob-Karin%20Flood-Usbid,2
Municipal%20Transportation%20Agency-Reisken%2C%20Ed-Pacific%20Gas%20And%20Electric%20Company-Pacific%20Gas%20And%20Electric%20Company,5
Municipal%20Transportation%20Agency-Reisken%2C%20Ed-Self-Extenet%20Systems%2C%20Inc.%2C,2
Municipal%20Transportation%20Agency-Reiskin%2C%20Ed-Building%20Owners%20And%20Managers%20Association%20Of%20San%20Francisco-Boma%20San%20Francisco,1
Municipal%20Transportation%20Agency-Reiskin%2C%20Ed-Michael%20Yaki-Barneys%20New%20York,1
Municipal%20Transportation%20Agency-Reiskin%2C%20Ed-San%20Francisco%20Chamber%20Of%20Commerce-San%20Francisco%20Chamber%20Of%20Commerce,2
Municipal%20Transportation%20Agency-Reiskin%2C%20Ed-Visa-Visa%2C%20Inc,1
Municipal%20Transportation%20Agency-Reiskin%2C%20Edward-Goodyear%20Peterson%20Hayward%20%26%20Associates-Hearst%20Corporation,2
Municipal%20Transportation%20Agency-Reiskin%2C%20Edward-Goodyear%20Peterson%20Hayward%20%26%20Associates-Market%20Street%20Place,1
Municipal%20Transportation%20Agency-Reskin%2C%20Ed-Patty-Jo%20Rutland%20Consulting%20Llc-Uber,1
Municipal%20Transportation%20Agency-Robbins%2C%20Jerry-Karin%20Flood-Usbid,1
Municipal%20Transportation%20Agency-Studwell%2C%20Kathie-San%20Francisco%20Chamber%20Of%20Commerce-San%20Francisco%20Chamber%20Of%20Commerce,2
Municipal%20Transportation%20Agency-Tom%2C%20Nolan-Ground%20Floor%20Public%20Affairs-Lyft,1
Municipal%20Transportation%20Agency-Yuen%2C%20Janis-Michael%20Yaki-Barneys%20New%20York,15
Planning%20Commission-Antonini%2C%20Michael-Airbnb-Airbnb,1
Planning%20Commission-Antonini%2C%20Michael-Barbary%20Coast%20Consulting-Adco,2
Planning%20Commission-Antonini%2C%20Michael-Barbary%20Coast%20Consulting-Presidio%20Hill%20School,1
Planning%20Commission-Antonini%2C%20Michael-Barbary%20Coast%20Consulting-Rag%20%26%20Bone,2
Planning%20Commission-Antonini%2C%20Michael-Bergdavis%20Public%20Affairs-Cvs,2
Planning%20Commission-Antonini%2C%20Michael-Bergdavis%20Public%20Affairs-Cvs%20Pharmacy,1
Planning%20Commission-Antonini%2C%20Michael-Bergdavis%20Public%20Affairs-Group%20I,3
Planning%20Commission-Antonini%2C%20Michael-Building%20Owners%20And%20Managers%20Association%20Of%20San%20Francisco-Boma%20San%20Francisco,1
Planning%20Commission-Antonini%2C%20Michael-Coalition%20For%20Better%20Housing-Dkr%20Partners,1
Planning%20Commission-Antonini%2C%20Michael-Hanson%20Bridgett%20Llp-Bluxome%20Partners%2C%20Llc,2
Planning%20Commission-Antonini%2C%20Michael-Hanson%20Bridgett%20Llp-Doug%20Smith%20And%20Lorna%20Stevens,1
Planning%20Commission-Antonini%2C%20Michael-Mckenna%20Long%20%26%20Aldridge%20Llp-Crescent%20Heights,2
Planning%20Commission-Antonini%2C%20Michael-Philip%20Lesser-Jcn%20Developers%20Llc,7
Planning%20Commission-Antonini%2C%20Michael-Platinum%20Advisors-University%20Of%20San%20Francisco,1
Planning%20Commission-Antonini%2C%20Michael-Reuben%2C%20Junius%20%26%20Rose%2C%20Llp-10%20South%20Shore%2C%20Llc,1
Planning%20Commission-Antonini%2C%20Michael-Reuben%2C%20Junius%20%26%20Rose%2C%20Llp-100%20Hooper%20Fee%20Owner%2C%20Llc,1
Planning%20Commission-Antonini%2C%20Michael-Reuben%2C%20Junius%20%26%20Rose%2C%20Llp-437%20Duncan%20Llc,1
Planning%20Commission-Antonini%2C%20Michael-Reuben%2C%20Junius%20%26%20Rose%2C%20Llp-Apple%2C%20Inc.,1
Planning%20Commission-Antonini%2C%20Michael-Reuben%2C%20Junius%20%26%20Rose%2C%20Llp-Boston%20Properties,1
Planning%20Commission-Antonini%2C%20Michael-Reuben%2C%20Junius%20%26%20Rose%2C%20Llp-Greystar,1
Planning%20Commission-Antonini%2C%20Michael-Reuben%2C%20Junius%20%26%20Rose%2C%20Llp-Jeremy%20Ricks,1
Planning%20Commission-Antonini%2C%20Michael-Reuben%2C%20Junius%20%26%20Rose%2C%20Llp-John%20E.%20Kennedy%2C%20Iii,2
Planning%20Commission-Antonini%2C%20Michael-Reuben%2C%20Junius%20%26%20Rose%2C%20Llp-Lubert-Adler%20Man,1
Planning%20Commission-Antonini%2C%20Michael-Reuben%2C%20Junius%20%26%20Rose%2C%20Llp-Page%20Steiner%20Associates%20Llc,1
Planning%20Commission-Antonini%2C%20Michael-Reuben%2C%20Junius%20%26%20Rose%2C%20Llp-Raintree%20Partners,4
Planning%20Commission-Antonini%2C%20Michael-Reuben%2C%20Junius%20%26%20Rose%2C%20Llp-Tmg%20Partners,1
Planning%20Commission-Antonini%2C%20Michael-Reuben%2C%20Junius%20%26%20Rose%2C%20Llp-Walther%20Lovato,1
Planning%20Commission-Antonini%2C%20Michael-Reuben%2C%20Junius%20%26%20Rose%2C%20Llp-Westbrook%20Partners,1
Planning%20Commission-Antonini%2C%20Michael-Self-1433%20Bush%20Llc,1
Planning%20Commission-Antonini%2C%20Michael-Sfaa-Dkr%20Partners,1
Planning%20Commission-Antonini%2C%20Michael-Sgc%20Strategic%20Communications-Happy%20Vape,1
Planning%20Commission-Antonini%2C%20Michael-Sgc%20Strategic%20Communications-San%20Francisco%20Montessori%20Academy,1
Planning%20Commission-Antonini%2C%20Michael%20J.-Goodyear%20Peterson%20Hayward%20%26%20Associates-242%20Alma,1
Planning%20Commission-Antonini%2C%20Michael%20J.-Reuben%2C%20Junius%20%26%20Rose%2C%20Llp-490%20South%20Van%20Ness%20Llc,1
Planning%20Commission-Antonini%2C%20Michael%20J.-Reuben%2C%20Junius%20%26%20Rose%2C%20Llp-Kenneth%20Tam,1
Planning%20Commission-Antonini%2C%20Michael%20J.-Reuben%2C%20Junius%20%26%20Rose%2C%20Llp-Tmg%20Partners,1
Planning%20Commission-Antonini%2C%20Michael%20J.-Reuben%2C%20Junius%20%26%20Rose%2C%20Llp-Walther%20Lovato,2
Planning%20Commission-Antonnini%2C%20Michael-Public%20Advocacy%20Partners-Dkr%20Partners,1
Planning%20Commission-Atonini%2C%20Michael-Platinum%20Advisors-Airbnb,1
Planning%20Commission-Borden%2C%20Gweynth-Bergdavis%20Public%20Affairs-Cvs,2
Planning%20Commission-Borden%2C%20Gwyneth-Barbary%20Coast%20Consulting-Rag%20%26%20Bone,4
Planning%20Commission-Borden%2C%20Gwyneth-Hanson%20Bridgett%20Llp-Bluxome%20Partners%2C%20Llc,1
Planning%20Commission-Borden%2C%20Gwyneth-Reuben%2C%20Junius%20%26%20Rose%2C%20Llp-Apple%2C%20Inc.,1
Planning%20Commission-Borden%2C%20Gwyneth-Reuben%2C%20Junius%20%26%20Rose%2C%20Llp-Raintree%20Partners,1
Planning%20Commission-Borden%2C%20Gwyneth-Reuben%2C%20Junius%20%26%20Rose%2C%20Llp-Westbrook%20Partners,2
Planning%20Commission-Borden%2C%20Gwyneth-Self-1433%20Bush%20Llc,1
Planning%20Commission-Fong%2C%20Rodney-Airbnb-Airbnb,1
Planning%20Commission-Fong%2C%20Rodney-Barbary%20Coast%20Consulting-Rag%20%26%20Bone,4
Planning%20Commission-Fong%2C%20Rodney-Bergdavis%20Public%20Affairs-Cvs,4
Planning%20Commission-Fong%2C%20Rodney-Building%20Owners%20And%20Managers%20Association%20Of%20San%20Francisco-Boma%20San%20Francisco,1
Planning%20Commission-Fong%2C%20Rodney-Goodyear%20Peterson%20Hayward%20%26%20Associates-242%20Alma,1
Planning%20Commission-Fong%2C%20Rodney-Hanson%20Bridgett%20Llp-Bluxome%20Partners%2C%20Llc,1
Planning%20Commission-Fong%2C%20Rodney-Hms%20Associates-Forest%20City,1
Planning%20Commission-Fong%2C%20Rodney-Philip%20Lesser-Jcn%20Developers%20Llc,1
Planning%20Commission-Fong%2C%20Rodney-Platinum%20Advisors-1140%20Folsom%20Llc,1
Planning%20Commission-Fong%2C%20Rodney-Platinum%20Advisors-Airbnb,1
Planning%20Commission-Fong%2C%20Rodney-Public%20Advocacy%20Partners-Dkr%20Partners,1
Planning%20Commission-Fong%2C%20Rodney-Reuben%2C%20Junius%20%26%20Rose%2C%20Llp-437%20Duncan%20Llc,1
Planning%20Commission-Fong%2C%20Rodney-Reuben%2C%20Junius%20%26%20Rose%2C%20Llp-Apple%2C%20Inc.,1
Planning%20Commission-Fong%2C%20Rodney-Reuben%2C%20Junius%20%26%20Rose%2C%20Llp-Greystar,1
Planning%20Commission-Fong%2C%20Rodney-Reuben%2C%20Junius%20%26%20Rose%2C%20Llp-Jeremy%20Ricks,3
Planning%20Commission-Fong%2C%20Rodney-Reuben%2C%20Junius%20%26%20Rose%2C%20Llp-John%20E.%20Kennedy%2C%20Iii,3
Planning%20Commission-Fong%2C%20Rodney-Reuben%2C%20Junius%20%26%20Rose%2C%20Llp-Page%20Steiner%20Associates%20Llc,1
Planning%20Commission-Fong%2C%20Rodney-Reuben%2C%20Junius%20%26%20Rose%2C%20Llp-Raintree%20Partners,4
Planning%20Commission-Fong%2C%20Rodney-Reuben%2C%20Junius%20%26%20Rose%2C%20Llp-Tmg%20Partners,2
Planning%20Commission-Fong%2C%20Rodney-Reuben%2C%20Junius%20%26%20Rose%2C%20Llp-Walther%20Lovato,3
Planning%20Commission-Fong%2C%20Rodney-Reuben%2C%20Junius%20%26%20Rose%2C%20Llp-Westbrook%20Partners,1
Planning%20Commission-Fong%2C%20Rodney-Sfaa-Dkr%20Partners,2
Planning%20Commission-Fong%2C%20Rodney-Sgc%20Strategic%20Communications-Happy%20Vape,2
Planning%20Commission-Fong%2C%20Rodney-Visa-Visa%2C%20Inc,1
Planning%20Commission-Hillis%2C%20Rich-Airbnb-Airbnb,1
Planning%20Commission-Hillis%2C%20Rich-Barbary%20Coast%20Consulting-Rag%20%26%20Bone,4
Planning%20Commission-Hillis%2C%20Rich-Bergdavis%20Public%20Affairs-Cvs,2
Planning%20Commission-Hillis%2C%20Rich-Bergdavis%20Public%20Affairs-Group%20I,5
Planning%20Commission-Hillis%2C%20Rich-Bergdavis%20Public%20Affairs-Landmark%20Retail%20Group,1
Planning%20Commission-Hillis%2C%20Rich-Bmwl%20%26%20Partners%2C%20Inc-N.%20Ca%20Presbyterian%20Homes%20%26%20Services,2
Planning%20Commission-Hillis%2C%20Rich-Building%20Owners%20And%20Managers%20Association%20Of%20San%20Francisco-Boma%20San%20Francisco,1
Planning%20Commission-Hillis%2C%20Rich-Goodyear%20Peterson%20Hayward%20%26%20Associates-242%20Alma,1
Planning%20Commission-Hillis%2C%20Rich-Hanson%20Bridgett%20Llp-Bluxome%20Partners%2C%20Llc,1
Planning%20Commission-Hillis%2C%20Rich-Platinum%20Advisors-1140%20Folsom%20Llc,1
Planning%20Commission-Hillis%2C%20Rich-Platinum%20Advisors-Airbnb,1
Planning%20Commission-Hillis%2C%20Rich-Platinum%20Advisors-Sparc,1
Planning%20Commission-Hillis%2C%20Rich-Platinum%20Advisors-Trumark%20Commercial,4
Planning%20Commission-Hillis%2C%20Rich-Reuben%2C%20Junius%20%26%20Rose%2C%20Llp-437%20Duncan%20Llc,2
Planning%20Commission-Hillis%2C%20Rich-Reuben%2C%20Junius%20%26%20Rose%2C%20Llp-581%20Market%20Street%20Partners%2C%20Llc,1
Planning%20Commission-Hillis%2C%20Rich-Reuben%2C%20Junius%20%26%20Rose%2C%20Llp-Alecta%20Investment%20Management,1
Planning%20Commission-Hillis%2C%20Rich-Reuben%2C%20Junius%20%26%20Rose%2C%20Llp-Apple%2C%20Inc.,1
Planning%20Commission-Hillis%2C%20Rich-Reuben%2C%20Junius%20%26%20Rose%2C%20Llp-Daniel%20Rabin,1
Planning%20Commission-Hillis%2C%20Rich-Reuben%2C%20Junius%20%26%20Rose%2C%20Llp-Jeremy%20Ricks,3
Planning%20Commission-Hillis%2C%20Rich-Reuben%2C%20Junius%20%26%20Rose%2C%20Llp-John%20E.%20Kennedy%2C%20Iii,3
Planning%20Commission-Hillis%2C%20Rich-Reuben%2C%20Junius%20%26%20Rose%2C%20Llp-Oyster%20Development%20Corp.,1
Planning%20Commission-Hillis%2C%20Rich-Reuben%2C%20Junius%20%26%20Rose%2C%20Llp-Page%20Steiner%20Associates%20Llc,1
Planning%20Commission-Hillis%2C%20Rich-Reuben%2C%20Junius%20%26%20Rose%2C%20Llp-Raintree%20Partners,5
Planning%20Commission-Hillis%2C%20Rich-Reuben%2C%20Junius%20%26%20Rose%2C%20Llp-Tmg%20Partners,3
Planning%20Commission-Hillis%2C%20Rich-Reuben%2C%20Junius%20%26%20Rose%2C%20Llp-Walther%20Lovato,3
Planning%20Commission-Hillis%2C%20Rich-Reuben%2C%20Junius%20%26%20Rose%2C%20Llp-Westbrook%20Partners,1
Planning%20Commission-Hillis%2C%20Rich-San%20Francisco%20Association%20Of%20Realtors-San%20Francisco%20Association%20Of%20Realtors,2
Planning%20Commission-Hillis%2C%20Rich-Sgc%20Strategic%20Communications-Happy%20Vape,2
Planning%20Commission-Hillis%2C%20Richard-Philip%20Lesser-Jcn%20Developers%20Llc,1
Planning%20Commission-Johnson%2C%20Christine-Airbnb-Airbnb,1
Planning%20Commission-Johnson%2C%20Christine-At%26t-At%26t,2
Planning%20Commission-Johnson%2C%20Christine-At%26t-At%26t%20California,1
Planning%20Commission-Johnson%2C%20Christine-Bergdavis%20Public%20Affairs-Group%20I,2
Planning%20Commission-Johnson%2C%20Christine-Philip%20Lesser-Jcn%20Developers%20Llc,1
Planning%20Commission-Johnson%2C%20Christine-Platinum%20Advisors-1140%20Folsom%20Llc,1
Planning%20Commission-Johnson%2C%20Christine-Platinum%20Advisors-Airbnb,1
Planning%20Commission-Johnson%2C%20Christine-Platinum%20Advisors-Trumark%20Commercial,1
Planning%20Commission-Johnson%2C%20Christine%20D.-Reuben%2C%20Junius%20%26%20Rose%2C%20Llp-100%20Hooper%20Fee%20Owner%2C%20Llc,1
Planning%20Commission-Johnson%2C%20Christine%20D.-Reuben%2C%20Junius%20%26%20Rose%2C%20Llp-Jeremy%20Ricks,1
Planning%20Commission-Johnson%2C%20Christine%20D.-Reuben%2C%20Junius%20%26%20Rose%2C%20Llp-John%20E.%20Kennedy%2C%20Iii,1
Planning%20Commission-Johnson%2C%20Christine%20D.-Reuben%2C%20Junius%20%26%20Rose%2C%20Llp-Tmg%20Partners,1
Planning%20Commission-Johnson%2C%20Christine%20D.-Reuben%2C%20Junius%20%26%20Rose%2C%20Llp-Walther%20Lovato,3
Planning%20Commission-Jones%2C%20Sarah-Pacific%20Gas%20And%20Electric%20Company-Pacific%20Gas%20And%20Electric%20Company,1
Planning%20Commission-Moore%2C%20Katherine-Hanson%20Bridgett%20Llp-Bluxome%20Partners%2C%20Llc,2
Planning%20Commission-Moore%2C%20Katherine-Platinum%20Advisors-Trumark%20Commercial,2
Planning%20Commission-Moore%2C%20Kathrin-Bergdavis%20Public%20Affairs-Group%20I,1
Planning%20Commission-Moore%2C%20Kathrin-Building%20Owners%20And%20Managers%20Association%20Of%20San%20Francisco-Boma%20San%20Francisco,1
Planning%20Commission-Moore%2C%20Kathrin-Farella%20Braun%20And%20Martel-Ncphs,1
Planning%20Commission-Moore%2C%20Kathrin-Reuben%2C%20Junius%20%26%20Rose%2C%20Llp-100%20Hooper%20Fee%20Owner%2C%20Llc,1
Planning%20Commission-Moore%2C%20Kathrin-Reuben%2C%20Junius%20%26%20Rose%2C%20Llp-437%20Duncan%20Llc,1
Planning%20Commission-Moore%2C%20Kathrin-Reuben%2C%20Junius%20%26%20Rose%2C%20Llp-Apple%2C%20Inc.,3
Planning%20Commission-Moore%2C%20Kathrin-Reuben%2C%20Junius%20%26%20Rose%2C%20Llp-Chris%20Durkin,1
Planning%20Commission-Moore%2C%20Kathrin-Reuben%2C%20Junius%20%26%20Rose%2C%20Llp-Jeremy%20Ricks,2
Planning%20Commission-Moore%2C%20Kathrin-Reuben%2C%20Junius%20%26%20Rose%2C%20Llp-John%20E.%20Kennedy%2C%20Iii,1
Planning%20Commission-Moore%2C%20Kathrin-Reuben%2C%20Junius%20%26%20Rose%2C%20Llp-Lubert-Adler%20Man,1
Planning%20Commission-Moore%2C%20Kathrin-Reuben%2C%20Junius%20%26%20Rose%2C%20Llp-Raintree%20Partners,1
Planning%20Commission-Moore%2C%20Kathrin-Reuben%2C%20Junius%20%26%20Rose%2C%20Llp-Tmg%20Partners,1
Planning%20Commission-Moore%2C%20Kathrin-Reuben%2C%20Junius%20%26%20Rose%2C%20Llp-Walther%20Lovato,3
Planning%20Commission-Moore%2C%20Kathrin-Reuben%2C%20Junius%20%26%20Rose%2C%20Llp-Westbrook%20Partners,1
Planning%20Commission-Moore%2C%20Kathrine-Barbary%20Coast%20Consulting-Rag%20%26%20Bone,2
Planning%20Commission-Rahaim%2C%20John-Pacific%20Gas%20And%20Electric%20Company-Pacific%20Gas%20And%20Electric%20Company,1
Planning%20Commission-Richards%2C%20Dennis-At%26t-At%26t,1
Planning%20Commission-Richards%2C%20Dennis-At%26t-At%26t%20California,1
Planning%20Commission-Richards%2C%20Dennis-Bergdavis%20Public%20Affairs-Cvs%20Pharmacy,1
Planning%20Commission-Richards%2C%20Dennis-Bergdavis%20Public%20Affairs-Group%20I,3
Planning%20Commission-Richards%2C%20Dennis-Goodyear%20Peterson%20Hayward%20%26%20Associates-242%20Alma,1
Planning%20Commission-Richards%2C%20Dennis-Goodyear%20Peterson%20Hayward%20%26%20Associates-At%26t%20California,1
Planning%20Commission-Richards%2C%20Dennis-Hms%20Associates-Forest%20City,1
Planning%20Commission-Richards%2C%20Dennis-Platinum%20Advisors-1140%20Folsom%20Llc,1
Planning%20Commission-Richards%2C%20Dennis-Platinum%20Advisors-Trumark%20Commercial,1
Planning%20Commission-Richards%2C%20Dennis-Reuben%2C%20Junius%20%26%20Rose%2C%20Llp-100%20Hooper%20Fee%20Owner%2C%20Llc,1
Planning%20Commission-Richards%2C%20Dennis-Reuben%2C%20Junius%20%26%20Rose%2C%20Llp-Jeremy%20Ricks,4
Planning%20Commission-Richards%2C%20Dennis-Reuben%2C%20Junius%20%26%20Rose%2C%20Llp-John%20E.%20Kennedy%2C%20Iii,2
Planning%20Commission-Richards%2C%20Dennis-Reuben%2C%20Junius%20%26%20Rose%2C%20Llp-Kenneth%20Tam,1
Planning%20Commission-Richards%2C%20Dennis-Reuben%2C%20Junius%20%26%20Rose%2C%20Llp-Tmg%20Partners,2
Planning%20Commission-Richards%2C%20Dennis-Reuben%2C%20Junius%20%26%20Rose%2C%20Llp-Walther%20Lovato,3
Planning%20Commission-Su%2C%20Cindy-San%20Francisco%20Association%20Of%20Realtors-San%20Francisco%20Association%20Of%20Realtors,2
Planning%20Commission-Sugaya%2C%20Hisashi-Building%20Owners%20And%20Managers%20Association%20Of%20San%20Francisco-Boma%20San%20Francisco,1
Planning%20Commission-Sugaya%2C%20Hisashi-Hanson%20Bridgett%20Llp-Bluxome%20Partners%2C%20Llc,1
Planning%20Commission-Sugaya%2C%20Hisashi-Reuben%2C%20Junius%20%26%20Rose%2C%20Llp-437%20Duncan%20Llc,1
Planning%20Commission-Sugaya%2C%20Hisashi-Reuben%2C%20Junius%20%26%20Rose%2C%20Llp-Apple%2C%20Inc.,1
Planning%20Commission-Sugaya%2C%20Hisashi-Reuben%2C%20Junius%20%26%20Rose%2C%20Llp-Raintree%20Partners,1
Planning%20Commission-Sugaya%2C%20Hisashi-Reuben%2C%20Junius%20%26%20Rose%2C%20Llp-Westbrook%20Partners,1
Planning%20Commission-Sugaya%2C%20Hishashi-Barbary%20Coast%20Consulting-Rag%20%26%20Bone,1
Planning%20Commission-Teague%2C%20Corey-Hanson%20Bridgett%20Llp-Doug%20Smith%20And%20Lorna%20Stevens,1
Planning%20Commission-Wiener%2C%20Scott-Reuben%2C%20Junius%20%26%20Rose%2C%20Llp-Rww%20Properties%2C%20Llc,1
Planning%20Commission-Wu%2C%20Cindy-Airbnb-Airbnb,1
Planning%20Commission-Wu%2C%20Cindy-Barbary%20Coast%20Consulting-Adco,1
Planning%20Commission-Wu%2C%20Cindy-Barbary%20Coast%20Consulting-Presidio%20Hill%20School,2
Planning%20Commission-Wu%2C%20Cindy-Barbary%20Coast%20Consulting-Rag%20%26%20Bone,4
Planning%20Commission-Wu%2C%20Cindy-Bergdavis%20Public%20Affairs-Cvs,3
Planning%20Commission-Wu%2C%20Cindy-Bergdavis%20Public%20Affairs-Group%20I,4
Planning%20Commission-Wu%2C%20Cindy-Building%20Owners%20And%20Managers%20Association%20Of%20San%20Francisco-Boma%20San%20Francisco,1
Planning%20Commission-Wu%2C%20Cindy-Goodyear%20Peterson%20Hayward%20%26%20Associates-242%20Alma,1
Planning%20Commission-Wu%2C%20Cindy-Goodyear%20Peterson%20Hayward%20%26%20Associates-One%20Medical%20Group,1
Planning%20Commission-Wu%2C%20Cindy-Mckenna%20Long%20%26%20Aldridge%20Llp-Crescent%20Heights,1
Planning%20Commission-Wu%2C%20Cindy-Platinum%20Advisors-1140%20Folsom%20Llc,1
Planning%20Commission-Wu%2C%20Cindy-Platinum%20Advisors-Airbnb,1
Planning%20Commission-Wu%2C%20Cindy-Platinum%20Advisors-Sparc,1
Planning%20Commission-Wu%2C%20Cindy-Platinum%20Advisors-Trumark%20Commercial,1
Planning%20Commission-Wu%2C%20Cindy-Platinum%20Advisors-University%20Of%20San%20Francisco,1
Planning%20Commission-Wu%2C%20Cindy-Reuben%2C%20Junius%20%26%20Rose%2C%20Llp-100%20Hooper%20Fee%20Owner%2C%20Llc,1
Planning%20Commission-Wu%2C%20Cindy-Reuben%2C%20Junius%20%26%20Rose%2C%20Llp-437%20Duncan%20Llc,1
Planning%20Commission-Wu%2C%20Cindy-Reuben%2C%20Junius%20%26%20Rose%2C%20Llp-George%20Mcnabb,1
Planning%20Commission-Wu%2C%20Cindy-Reuben%2C%20Junius%20%26%20Rose%2C%20Llp-Jeremy%20Ricks,5
Planning%20Commission-Wu%2C%20Cindy-Reuben%2C%20Junius%20%26%20Rose%2C%20Llp-John%20E.%20Kennedy%2C%20Iii,1
Planning%20Commission-Wu%2C%20Cindy-Reuben%2C%20Junius%20%26%20Rose%2C%20Llp-Lubert-Adler%20Man,1
Planning%20Commission-Wu%2C%20Cindy-Reuben%2C%20Junius%20%26%20Rose%2C%20Llp-Raintree%20Partners,1
Planning%20Commission-Wu%2C%20Cindy-Reuben%2C%20Junius%20%26%20Rose%2C%20Llp-Tmg%20Partners,3
Planning%20Commission-Wu%2C%20Cindy-Reuben%2C%20Junius%20%26%20Rose%2C%20Llp-Walther%20Lovato,3
Planning%20Commission-Wu%2C%20Cindy-Reuben%2C%20Junius%20%26%20Rose%2C%20Llp-Westbrook%20Partners,1
Planning%20Commission-Wu%2C%20Cindy-Sfaa-Dkr%20Partners,1
Planning%20Commission-Wu%2C%20Cindy-Sfaa-Presidio%20Bay%20Ventures,1
Planning%20Commission-Wu%2C%20Cynthia-Public%20Advocacy%20Partners-Maximus%20Real%20Estate%20Partners,1
Planning%2C%20Department%20Of-Burns%2C%20Kanishka-Marsha%20Garland%20Public%20Relations-Kinjo/amanda%20Tsung,1
Planning%2C%20Department%20Of-Burns%2C%20Kanishka-San%20Francisco%20Chamber%20Of%20Commerce-San%20Francisco%20Chamber%20Of%20Commerce,1
Planning%2C%20Department%20Of-Chang%2C%20Tina-Goodyear%20Peterson%20Hayward%20%26%20Associates-Veritas%20Investments%20Inc,1
Planning%2C%20Department%20Of-Durandet%2C%20Kimberly-Goodyear%20Peterson%20Hayward%20%26%20Associates-Meyer%20Capital%20Partners,1
Planning%2C%20Department%20Of-Hui%2C%20Tom-Reuben%2C%20Junius%20%26%20Rose%2C%20Llp-Hines%20Corporation,1
Planning%2C%20Department%20Of-Jones%2C%20Sarah%20H.-Reuben%2C%20Junius%20%26%20Rose%2C%20Llp-Jeremy%20Ricks,1
Planning%2C%20Department%20Of-Joslin%2C%20Jeff-Atg%20Consulting-200%20Paul%2C%20Llc,1
Planning%2C%20Department%20Of-Joslin%2C%20Jeff-Goodyear%20Peterson%20Hayward%20%26%20Associates-Veritas%20Investments%20Inc,1
Planning%2C%20Department%20Of-Kirby%2C%20Alexandra-Goodyear%20Peterson%20Hayward%20%26%20Associates-Wine%20Meet%20Cheese%2C%20Dba%20Shindig,1
Planning%2C%20Department%20Of-Look%2C%20Jessica-Marsha%20Garland%20Public%20Relations-San%20Francisco%20Montessori%20Academy,1
Planning%2C%20Department%20Of-Rahaim%2C%20John-Atg%20Consulting-200%20Paul%2C%20Llc,2
Planning%2C%20Department%20Of-Rahaim%2C%20John-Barbary%20Coast%20Consulting-Jewish%20Home,1
Planning%2C%20Department%20Of-Rahaim%2C%20John-Bergdavis%20Public%20Affairs-Oryx%20Partners%20Llc,1
Planning%2C%20Department%20Of-Rahaim%2C%20John-Farella%20Braun%20And%20Martel-Aidila%20Investments%2C%20Llc,1
Planning%2C%20Department%20Of-Rahaim%2C%20John-Farella%20Braun%20And%20Martel-Mission%20Street%20Sf%2C%20Llc,1
Planning%2C%20Department%20Of-Rahaim%2C%20John-Farella%20Braun%20And%20Martel-Oryx%20Partners%20Llc,1
Planning%2C%20Department%20Of-Rahaim%2C%20John-Farella%20Braun%20And%20Martel-Related%20California%20Urban%20Housing,1
Planning%2C%20Department%20Of-Rahaim%2C%20John-Goodyear%20Peterson%20Hayward%20%26%20Associates-Hearst%20Corporation,1
Planning%2C%20Department%20Of-Rahaim%2C%20John-Ground%20Floor%20Public%20Affairs-Bay%20Club,1
Planning%2C%20Department%20Of-Rahaim%2C%20John-Ground%20Floor%20Public%20Affairs-Sfciti%3A%20San%20Francisco%20Citizens%20Initiative%20For%20Technology%20And%20Innovation,1
Planning%2C%20Department%20Of-Rahaim%2C%20John-Ground%20Floor%20Public%20Affairs-Western%20Athletic%20Club,1
Planning%2C%20Department%20Of-Rahaim%2C%20John-Hanson%20Bridgett%20Llp-Anastasia%20Michaels%20And%20James%20Monschke,1
Planning%2C%20Department%20Of-Rahaim%2C%20John-Platinum%20Advisors-Crescent%20Heights,1
Planning%2C%20Department%20Of-Rahaim%2C%20John-Reuben%2C%20Junius%20%26%20Rose%2C%20Llp-100%20Hooper%20Fee%20Owner%2C%20Llc,1
Planning%2C%20Department%20Of-Rahaim%2C%20John-Reuben%2C%20Junius%20%26%20Rose%2C%20Llp-447%20Battery%20Street%2C%20Llc,1
Planning%2C%20Department%20Of-Rahaim%2C%20John-Reuben%2C%20Junius%20%26%20Rose%2C%20Llp-California%20Mortgage%20%26%20Realty%2C%20Inc.,1
Planning%2C%20Department%20Of-Rahaim%2C%20John-Reuben%2C%20Junius%20%26%20Rose%2C%20Llp-Lincoln%20Property%20Company,1
Planning%2C%20Department%20Of-Rahaim%2C%20John-Reuben%2C%20Junius%20%26%20Rose%2C%20Llp-Menlo%20Equities,1
Planning%2C%20Department%20Of-Rahaim%2C%20John-Reuben%2C%20Junius%20%26%20Rose%2C%20Llp-Tmg%20Partners,1
Planning%2C%20Department%20Of-Rahaim%2C%20John-Reuben%2C%20Junius%20%26%20Rose%2C%20Llp-Umpqua%20Bank,1
Planning%2C%20Department%20Of-Rahaim%2C%20John-Self-Bgn%20Properties%2C%20Llc,1
Planning%2C%20Department%20Of-Raiham%2C%20John-San%20Francisco%20Chamber%20Of%20Commerce-San%20Francisco%20Chamber%20Of%20Commerce,1
Planning%2C%20Department%20Of-Roger%2C%20Anmarie-San%20Francisco%20Chamber%20Of%20Commerce-San%20Francisco%20Chamber%20Of%20Commerce,1
Planning%2C%20Department%20Of-Sanchez%2C%20Scott-Hanson%20Bridgett%20Llp-American%20Airporter%20Shuttle/philip%20Achilles,1
Planning%2C%20Department%20Of-Sanchez%2C%20Scott-Hanson%20Bridgett%20Llp-Anastasia%20Michaels%20And%20James%20Monschke,1
Planning%2C%20Department%20Of-Sanchez%2C%20Scott-Hanson%20Bridgett%20Llp-Doug%20Smith%20And%20Lorna%20Stevens,1
Planning%2C%20Department%20Of-Sanchez%2C%20Scott-Hanson%20Bridgett%20Llp-Migsif%20Llc,3
Planning%2C%20Department%20Of-Sanchez%2C%20Scott-Moscone%20Emblidge%20Sater%20%26%20Otis-Migsif%2C%20Llc,3
Planning%2C%20Department%20Of-Sider%2C%20Dan-Atg%20Consulting-200%20Paul%2C%20Llc,3
Planning%2C%20Department%20Of-Sider%2C%20Dan-Pacific%20Gas%20And%20Electric%20Company-Pacific%20Gas%20And%20Electric%20Company,4
Planning%2C%20Department%20Of-Sider%2C%20Dan-Self-Bgn%20Properties%2C%20Llc,1
Planning%2C%20Department%20Of-Sider%2C%20Dan-Self-Claire%20A.%20Spencer,1
Planning%2C%20Department%20Of-Switzky%2C%20Joshua-Building%20Owners%20And%20Managers%20Association%20Of%20San%20Francisco-Boma%20San%20Francisco,1
Planning%2C%20Department%20Of-Teague%2C%20Corey-Self-200%20Paul%2C%20Llc,1
Planning%2C%20Department%20Of-Vellve%2C%20Sara-Goodyear-Peterson%2C%20Llc-242%20Alma,2
Planning%2C%20Department%20Of-Vu%2C%20Doug-Goodyear%20Peterson%20Hayward%20%26%20Associates-Royal%20Motors%20Of%20San%20Francisco,1
Planning%2C%20Department%20Of-Washington%2C%20Delvin-Goodyear%20Peterson%20Hayward%20%26%20Associates-Veritas%20Investments%20Inc,1
Planning%2C%20Department%20Of-Watty%2C%20Elizabeth-Goodyear%20Peterson%20Hayward%20%26%20Associates-101%20Maple%20Street,1
Planning%2C%20Department%20Of-Young%2C%20Sharon-Goodyear-Peterson%2C%20Llc-One%20Medical%20Group,1
Police%20Department-Cherniss%2C%20Jason-Karin%20Flood-Usbid,2
Police%20Department-Cherniss%2C%20Jason-Pacific%20Gas%20And%20Electric%20Company-Pacific%20Gas%20And%20Electric%20Company,1
Police%20Department-Falzon%2C%20Dave-Sgc%20Strategic%20Communications-Led%20Century%20Trading,1
Police%20Department-Falzon%2C%20Dave-Sgc%20Strategic%20Communications-Legends%20Billiards,1
Police%20Department-Gasc%C3%A3%C2%B3n%2C%20George-Ground%20Floor%20Public%20Affairs-Lyft,1
Police%20Department-Lazar%2C%20David-Karin%20Flood-Usbid,6
Police%20Department-Mceachem%2C%20Greg-Pacific%20Gas%20And%20Electric%20Company-Pacific%20Gas%20And%20Electric%20Company,1
Police%20Department-Roualdes%2C%20William-Karin%20Flood-Usbid,1
Police%20Department-Santos%2C%20Edward-Self-Legend%20Billiard%20Hall,2
Police%20Department-Suhr%2C%20Greg-Karin%20Flood-Usbid,1
Police%20Department-Suhr%2C%20Greg-Platinum%20Advisors-Wasserman%20Media%20Group,3
Police%20Department-Suhr%2C%20Greg-San%20Francisco%20Chamber%20Of%20Commerce-San%20Francisco%20Chamber%20Of%20Commerce,1
Police%20Department-Suhr%2C%20Greg-Visa-Visa%2C%20Inc,1
Port%20Commission-Benson%2C%20Brad-Pacific%20Gas%20And%20Electric%20Company-Pacific%20Gas%20And%20Electric%20Company,2
Port%20Commission-Brandon%2C%20Kimberley-Goodyear%20Peterson%20Hayward%20%26%20Associates-San%20Francisco%20Bar%20Pilots,2
Port%20Commission-Katz%2C%20Leslie-Bmwl%20%26%20Partners%2C%20Inc-Equity%20Office,1
Port%20Commission-Rhett%2C%20Byron-Tzk%20Broadway%2C%20Llc-Tzk%20Broadway%2C%20Llc,3
Port%20Commission-Stern%2C%20Jonathan-Tzk%20Broadway%2C%20Llc-Tzk%20Broadway%2C%20Llc,8
Public%20Health%20Commission-Garcia%2C%20Barbara-Ground%20Floor%20Public%20Affairs-Square%2C%20Inc.,2
Public%20Health%20Commission-Garcia%2C%20Barbara-Ground%20Floor%20Public%20Affairs-Zen%20Hospice%20Project,1
Public%20Utilities%20Commission-Briggs%2C%20David-Goodyear%20Peterson%20Hayward%20%26%20Associates-Leport%20Schools,2
Public%20Utilities%20Commission-Carlin%2C%20Michael-Pacific%20Gas%20And%20Electric%20Company-Pacific%20Gas%20And%20Electric%20Company,21
Public%20Utilities%20Commission-Carlin%2C%20Michael-Tishman%20Speyer%20Properties%2C%20L.p.-Tishman%20Speyer%20Properties%2C%20L.p.,2
Public%20Utilities%20Commission-Goswami%2C%20Bhaskar-Pacific%20Gas%20And%20Electric%20Company-Pacific%20Gas%20And%20Electric%20Company,2
Public%20Utilities%20Commission-Hagan%2C%20Erin-Building%20Owners%20And%20Managers%20Association%20Of%20San%20Francisco-Boma%20San%20Francisco,1
Public%20Utilities%20Commission-Hale%2C%20Barbara-Pacific%20Gas%20And%20Electric%20Company-Pacific%20Gas%20And%20Electric%20Company,2
Public%20Utilities%20Commission-Henderson%2C%20Brian-Goodyear%20Peterson%20Hayward%20%26%20Associates-Au%20Energy,1
Public%20Utilities%20Commission-Henderson%2C%20Brian-Goodyear%20Peterson%20Hayward%20%26%20Associates-Leport%20Schools,1
Public%20Utilities%20Commission-Kelly%2C%20Harlan-Bmwl%20%26%20Partners%2C%20Inc-Mirant%20California%2C%20Llc,1
Public%20Utilities%20Commission-Kelly%2C%20Harlan-Building%20Owners%20And%20Managers%20Association%20Of%20San%20Francisco-Boma%20San%20Francisco,1
Public%20Utilities%20Commission-Kelly%2C%20Harlan-Goodyear%20Peterson%20Hayward%20%26%20Associates-Leport%20Schools,1
Public%20Utilities%20Commission-Kelly%2C%20Harlan-Pacific%20Gas%20And%20Electric%20Company-Pacific%20Gas%20And%20Electric%20Company,1
Public%20Utilities%20Commission-Kelly%2C%20Harlan-San%20Francisco%20Chamber%20Of%20Commerce-San%20Francisco%20Chamber%20Of%20Commerce,1
Public%20Utilities%20Commission-Kelly%2C%20Harlan-Self-Extenet%20Systems%2C%20Inc.%2C,1
Public%20Utilities%20Commission-Kelly%2C%20Harlan-Self-Verizon%20Wireless,1
Public%20Utilities%20Commission-Lipps%2C%20Douglas-Pacific%20Gas%20And%20Electric%20Company-Pacific%20Gas%20And%20Electric%20Company,2
Public%20Utilities%20Commission-Mosuela%2C%20Raul-Pacific%20Gas%20And%20Electric%20Company-Pacific%20Gas%20And%20Electric%20Company,1
Public%20Utilities%20Commission-Russell%2C%20Rosanna-Pacific%20Gas%20And%20Electric%20Company-Pacific%20Gas%20And%20Electric%20Company,2
Public%20Works%20Department%20Of-Hoffmeister%2C%20Stefan-Pacific%20Gas%20And%20Electric%20Company-Pacific%20Gas%20And%20Electric%20Company,1
Public%20Works%20Department%20Of-Nuru%2C%20Mohammad-Pacific%20Gas%20And%20Electric%20Company-Pacific%20Gas%20And%20Electric%20Company,3
Public%20Works%20Department%20Of-Nuru%2C%20Mohammed-Goodyear%20Peterson%20Hayward%20%26%20Associates-Hearst%20Corporation,1
Public%20Works%20Department%20Of-Nuru%2C%20Mohammed-Goodyear%20Peterson%20Hayward%20%26%20Associates-Market%20Street%20Place,1
Public%20Works%20Department%20Of-Sanguinetti%2C%20Jerry-Pacific%20Gas%20And%20Electric%20Company-Pacific%20Gas%20And%20Electric%20Company,1
Public%20Works%20Department%20Of-Short%2C%20Carla-Platinum%20Advisors-Trumark%20Commercial,1
Public%20Works%20Department%20Of-Sweiss%2C%20Faud-Pacific%20Gas%20And%20Electric%20Company-Pacific%20Gas%20And%20Electric%20Company,1
Public%20Works%20Department%20Of-Sweiss%2C%20Fuad-Pacific%20Gas%20And%20Electric%20Company-Pacific%20Gas%20And%20Electric%20Company,1
Public%20Works%20Department%20Of-Tio%2C%20Alfredo-Pacific%20Gas%20And%20Electric%20Company-Pacific%20Gas%20And%20Electric%20Company,1
Recreation%20And%20Parks%20Department-Ballard%2C%20Sarah-Bergdavis%20Public%20Affairs-Related%20California,6
Recreation%20And%20Parks%20Department-Bransten%2C%20Lisa-Visa-Visa%2C%20Inc,8
Recreation%20And%20Parks%20Department-Buell%2C%20Mark-Reuben%2C%20Junius%20%26%20Rose%2C%20Llp-447%20Battery%20Street%2C%20Llc,1
Recreation%20And%20Parks%20Department-Ginsberg%2C%20Phil-Barbary%20Coast%20Consulting-The%20Gales%20Group,1
Recreation%20And%20Parks%20Department-Ginsburg%2C%20Phil-Barbary%20Coast%20Consulting-Fitmob,1
Recreation%20And%20Parks%20Department-Ginsburg%2C%20Phil-Barbary%20Coast%20Consulting-The%20Gales%20Group,1
Recreation%20And%20Parks%20Department-Ginsburg%2C%20Phil-Ground%20Floor%20Public%20Affairs-Sfciti%3A%20San%20Francisco%20Citizens%20Initiative%20For%20Technology%20And%20Innovation,1
Recreation%20And%20Parks%20Department-Ginsburg%2C%20Phil-Visa-Visa%2C%20Inc,4
Recreation%20And%20Parks%20Department-Harrison%2C%20Tom-Platinum%20Advisors-Trumark%20Commercial,1
Recreation%20And%20Parks%20Department-Ketcham%2C%20Dana-Moscone%20Emblidge%20Sater%20%26%20Otis-Fitmob%2C%20Inc.,1
Recreation%20And%20Parks%20Department-Low%2C%20Alan-Reuben%2C%20Junius%20%26%20Rose%2C%20Llp-447%20Battery%20Street%2C%20Llc,1
Recreation%20And%20Parks%20Department-Mcdonnell%2C%20Eric-Platinum%20Advisors-Trumark%20Commercial,1
Recreation%20And%20Parks%20Department-Rea%2C%20Diane-Karin%20Flood-Usbid,1
Redevelopment%20Agency%20San%20Francisco-Bohee%2C%20Tiffany-Goodyear-Peterson%2C%20Llc-Integral%20Development%20Llc,2
Redevelopment%20Agency%20San%20Francisco-Grisso%2C%20Mike-Platinum%20Advisors-Boston%20Properties%20Limited%20Partnership,1
Redevelopment%20Agency%20San%20Francisco-Lawson%2C%20Wells-Lapointe%20And%20Associates-Lennar%20Communities,2
Redevelopment%20Agency%20San%20Francisco-Lawson%2C%20Wells-Lapointe%20And%20Associates-Lennar%20Urban,7
Redevelopment%20Agency%20San%20Francisco-Oerth%2C%20Sally-Lapointe%20And%20Associates-181%20Fremont%20%20Llc,1
Redevelopment%20Agency%20San%20Francisco-Pash%2C%20Courtney-Reuben%2C%20Junius%20%26%20Rose%2C%20Llp-Boston%20Properties,1
Redevelopment%20Agency%20San%20Francisco-Reilly%2C%20Catherine-Goodyear-Peterson%2C%20Llc-Integral%20Development%20Llc,2
Redevelopment%20Agency%20San%20Francisco-Sesay%2C%20Nadia-Platinum%20Advisors-Boston%20Properties%20Limited%20Partnership,1
Redevelopment%20Agency%20San%20Francisco-Singh%2C%20Dar-Lapointe%20And%20Associates-181%20Fremont%20%20Llc,1
Redevelopment%20Agency%20San%20Francisco-Warsh%2C%20Ethan-Lapointe%20And%20Associates-Lennar%20Urban,1
Retirement%20Board%20San%20Francisco%20Employees-Adams%2C%20Lindsey-Fortress%20Capital%20Formation%2C%20Llc-Fortress%20Capital%20Formation%2C%20Llc,1
Retirement%20Board%20San%20Francisco%20Employees-Adams%2C%20Lindsey-Pccp%2C%20Llc-Pccp%2C%20Llc,1
Retirement%20Board%20San%20Francisco%20Employees-Bridges%2C%20Leona-Bridgewater%20Associates%2C%20Lp-Bridgewater%20Associates%2C%20Lp,1
Retirement%20Board%20San%20Francisco%20Employees-Bridges%2C%20Leona-Edward%20Dau-Black%20River%20Asset%20Management,1
Retirement%20Board%20San%20Francisco%20Employees-Coaker%2C%20Bill-Edward%20Dau-Black%20River%20Asset%20Management,1
Retirement%20Board%20San%20Francisco%20Employees-Coaker%2C%20Bill-Trust%20Company%20Of%20The%20West-Trust%20Company%20Of%20The%20West,3
Retirement%20Board%20San%20Francisco%20Employees-Coaker%2C%20Jr.%2C%20William%20J.-Audax%20Management%20Company%2C%20Llc%20And%20Its%20Subsidiary%20Audax%20Management%20Company%20%28Ny%29%2C%20Llc-Audax%20Management%20Company%2C%20Llc%20And%20Its%20Subsidiary%20Audax%20Management%20Company%20%28Ny%29%2C%20Llc,1
Retirement%20Board%20San%20Francisco%20Employees-Coaker%2C%20William-Blackrock-Blackrock%20Institutional%20Trust%20Company%2C%20N.a.,1
Retirement%20Board%20San%20Francisco%20Employees-Coaker%2C%20William-Bridgewater%20Associates%2C%20Lp-Bridgewater%20Associates%2C%20Lp,1
Retirement%20Board%20San%20Francisco%20Employees-Coaker%2C%20William-Credit%20Suisse%20Asset%20Management%2C%20Llc-Credit%20Suisse%20Asset%20Management%2C%20Llc,1
Retirement%20Board%20San%20Francisco%20Employees-Coaker%2C%20William-Pershing%20Square%20Capital%20Management%2C%20L.p.-Pershing%20Square%20Capital%20Management%2C%20L.p.,3
Retirement%20Board%20San%20Francisco%20Employees-Cohen%2C%20Malia-Bridgewater%20Associates%2C%20Lp-Bridgewater%20Associates%2C%20Lp,1
Retirement%20Board%20San%20Francisco%20Employees-Coleman%2C%20Mark-Pershing%20Square%20Capital%20Management%2C%20L.p.-Pershing%20Square%20Capital%20Management%2C%20L.p.,1
Retirement%20Board%20San%20Francisco%20Employees-Driscoll%2C%20Joseph-Bridgewater%20Associates%2C%20Lp-Bridgewater%20Associates%2C%20Lp,1
Retirement%20Board%20San%20Francisco%20Employees-Driscoll%2C%20Joseph-Edward%20Dau-Black%20River%20Asset%20Management,1
Retirement%20Board%20San%20Francisco%20Employees-Kemp%2C%20Tanya-Audax%20Management%20Company%2C%20Llc%20And%20Its%20Subsidiary%20Audax%20Management%20Company%20%28Ny%29%2C%20Llc-Audax%20Management%20Company%2C%20Llc%20And%20Its%20Subsidiary%20Audax%20Management%20Company%20%28Ny%29%2C%20Llc,1
Retirement%20Board%20San%20Francisco%20Employees-Kemp%2C%20Tanya-Trust%20Company%20Of%20The%20West-Trust%20Company%20Of%20The%20West,1
Retirement%20Board%20San%20Francisco%20Employees-Kemp%2C%20Tonya-Csp%20Securities%2C%20Lp-Highbar%20Partners,1
Retirement%20Board%20San%20Francisco%20Employees-Lee%2C%20Eunice-Trust%20Company%20Of%20The%20West-Trust%20Company%20Of%20The%20West,1
Retirement%20Board%20San%20Francisco%20Employees-Lin%2C%20Peter-Blackrock-Blackrock%20Institutional%20Trust%20Company%2C%20N.a.,1
Retirement%20Board%20San%20Francisco%20Employees-Lin%2C%20Peter-Csp%20Securities%2C%20Lp-Tailwater%20Capital,2
Retirement%20Board%20San%20Francisco%20Employees-Lin%2C%20Peter-Edward%20Dau-Black%20River%20Asset%20Management,3
Retirement%20Board%20San%20Francisco%20Employees-Lin%2C%20Peter-Fortress%20Capital%20Formation%2C%20Llc-Fortress%20Capital%20Formation%2C%20Llc,11
Retirement%20Board%20San%20Francisco%20Employees-Makras%2C%20Victor-Bridgewater%20Associates%2C%20Lp-Bridgewater%20Associates%2C%20Lp,1
Retirement%20Board%20San%20Francisco%20Employees-Makras%2C%20Victor-Edward%20Dau-Black%20River%20Asset%20Management,1
Retirement%20Board%20San%20Francisco%20Employees-Mchugh%2C%20Eunice-Trust%20Company%20Of%20The%20West-Trust%20Company%20Of%20The%20West,3
Retirement%20Board%20San%20Francisco%20Employees-Meiberger%2C%20Herb-Bridgewater%20Associates%2C%20Lp-Bridgewater%20Associates%2C%20Lp,1
Retirement%20Board%20San%20Francisco%20Employees-Meiberger%2C%20Herb-Edward%20Dau-Black%20River%20Asset%20Management,4
Retirement%20Board%20San%20Francisco%20Employees-Nickens%2C%20Norm-Edward%20Dau-Black%20River%20Asset%20Management,2
Retirement%20Board%20San%20Francisco%20Employees-Paskin-Jordan%2C%20Wendy-Bridgewater%20Associates%2C%20Lp-Bridgewater%20Associates%2C%20Lp,1
Retirement%20Board%20San%20Francisco%20Employees-Picket%2C%20Dick-Fortress%20Capital%20Formation%2C%20Llc-Fortress%20Capital%20Formation%2C%20Llc,2
Retirement%20Board%20San%20Francisco%20Employees-Piket%2C%20Dick-Audax%20Management%20Company%2C%20Llc%20And%20Its%20Subsidiary%20Audax%20Management%20Company%20%28Ny%29%2C%20Llc-Audax%20Management%20Company%2C%20Llc%20And%20Its%20Subsidiary%20Audax%20Management%20Company%20%28Ny%29%2C%20Llc,2
Retirement%20Board%20San%20Francisco%20Employees-Schwartz%2C%20Glen-Audax%20Management%20Company%2C%20Llc%20And%20Its%20Subsidiary%20Audax%20Management%20Company%20%28Ny%29%2C%20Llc-Audax%20Management%20Company%2C%20Llc%20And%20Its%20Subsidiary%20Audax%20Management%20Company%20%28Ny%29%2C%20Llc,2
Retirement%20Board%20San%20Francisco%20Employees-Schwartz%2C%20Glen-Comvest%20Advisors%2C%20Llc-Comvest%20Advisors%2C%20Llc,1
Retirement%20Board%20San%20Francisco%20Employees-Schwartz%2C%20Glen-Credit%20Suisse%20Asset%20Management%2C%20Llc-Credit%20Suisse%20Asset%20Management%2C%20Llc,1
Retirement%20Board%20San%20Francisco%20Employees-Schwartz%2C%20Glen-Credit%20Suisse%20Securities%20%28Usa%29%20Llc-Credit%20Suisse%20Securities%20%28Usa%29%20Llc,3
Retirement%20Board%20San%20Francisco%20Employees-Schwartz%2C%20Glen-Csp%20Securities%2C%20Lp-Trilantic%20Capital,5
Retirement%20Board%20San%20Francisco%20Employees-Schwartz%2C%20Glen-The%20Jordan%20Company%20Lp-The%20Jordan%20Company%2C%20L.p.,6
Retirement%20Board%20San%20Francisco%20Employees-Schwartz%2C%20Glen-Trust%20Company%20Of%20The%20West-Trust%20Company%20Of%20The%20West,3
Retirement%20Board%20San%20Francisco%20Employees-Shaw%2C%20Bob-Fortress%20Capital%20Formation%2C%20Llc-Fortress%20Capital%20Formation%2C%20Llc,3
Retirement%20Board%20San%20Francisco%20Employees-Shaw%2C%20Bob-Trust%20Company%20Of%20The%20West-Trust%20Company%20Of%20The%20West,3
Retirement%20Board%20San%20Francisco%20Employees-Shaw%2C%20Robert-Audax%20Management%20Company%2C%20Llc%20And%20Its%20Subsidiary%20Audax%20Management%20Company%20%28Ny%29%2C%20Llc-Audax%20Management%20Company%2C%20Llc%20And%20Its%20Subsidiary%20Audax%20Management%20Company%20%28Ny%29%2C%20Llc,1
Retirement%20Board%20San%20Francisco%20Employees-Shaw%2C%20Robert-Blackrock-Blackrock%20Institutional%20Trust%20Company%2C%20N.a.,1
Retirement%20Board%20San%20Francisco%20Employees-Shaw%2C%20Robert-Pershing%20Square%20Capital%20Management%2C%20L.p.-Pershing%20Square%20Capital%20Management%2C%20L.p.,1
Retirement%20Board%20San%20Francisco%20Employees-Shaw%2C%20Robert-Ubs%20Global%20Asset%20Management%20%28Americas%29%20Inc.-Ubs%20Global%20Asset%20Management%20%28Americas%29%20Inc.,4
Retirement%20Board%20San%20Francisco%20Employees-Stansbury%2C%20Brian-Bridgewater%20Associates%2C%20Lp-Bridgewater%20Associates%2C%20Lp,1
Retirement%20Board%20San%20Francisco%20Employees-Wang%2C%20Art-Edward%20Dau-Black%20River%20Asset%20Management,4
Retirement%20Board%20San%20Francisco%20Employees-Wang%2C%20Art-Fortress%20Capital%20Formation%2C%20Llc-Fortress%20Capital%20Formation%2C%20Llc,2
Retirement%20Board%20San%20Francisco%20Employees-Wang%2C%20Art-Warburg%20Pincus%20Llc-Warburg%20Pincus%20Llc,1
Retirement%20Board%20San%20Francisco%20Employees-Wong%2C%20Cynthia-Audax%20Management%20Company%2C%20Llc%20And%20Its%20Subsidiary%20Audax%20Management%20Company%20%28Ny%29%2C%20Llc-Audax%20Management%20Company%2C%20Llc%20And%20Its%20Subsidiary%20Audax%20Management%20Company%20%28Ny%29%2C%20Llc,2
Retirement%20Board%20San%20Francisco%20Employees-Wong%2C%20Cynthia-Credit%20Suisse%20Securities%20%28Usa%29%20Llc-Credit%20Suisse%20Securities%20%28Usa%29%20Llc,3
Retirement%20Board%20San%20Francisco%20Employees-Wong%2C%20Cynthia-Trust%20Company%20Of%20The%20West-Trust%20Company%20Of%20The%20West,4
Retirement%20Board%20San%20Francisco%20Employees-Wong%2C%20Cynthia-Warburg%20Pincus%20Llc-Warburg%20Pincus%20Llc,5
Status%20On%20Women%20Commission%20On%20The-Murase%2C%20Emily-San%20Francisco%20Chamber%20Of%20Commerce-San%20Francisco%20Chamber%20Of%20Commerce,1
Technology%2C%20Department%20Of-Gines%2C%20Jolie-Cisco%20Systems%2C%20Inc.-Cisco%20Systems%2C%20Inc.,1
Technology%2C%20Department%20Of-Lim%2C%20Evangeline-Cisco%20Systems%2C%20Inc.-Cisco%20Systems%2C%20Inc.,2
Technology%2C%20Department%20Of-Renteria%2C%20Jason-Cisco%20Systems%2C%20Inc.-Cisco%20Systems%2C%20Inc.,6
Technology%2C%20Department%20Of-Roberts%2C%20Brian-Comcast%20Corporation-Comcast%20Corporation,1
Technology%2C%20Department%20Of-Valencia%2C%20Michael-Cisco%20Systems%2C%20Inc.-Cisco%20Systems%2C%20Inc.,1
Transportation%20Authority-Chang%2C%20Tilly-Building%20Owners%20And%20Managers%20Association%20Of%20San%20Francisco-Boma%20San%20Francisco,1
Transportation%20Authority-Chau%2C%20Betty-Michael%20Yaki-Barneys%20New%20York,5
Transportation%20Authority-Iberia%2C%20Licinia-Self-Extenet%20Systems%2C%20Inc.%2C,1
Transportation%20Authority-Redmond%2C%20Richard-Michael%20Yaki-Barneys%20New%20York,19
Treasurer/tax%20Collector%20Office%20Of%20The-Cisneros%2C%20Jose-Committee%20On%20Jobs-Committee%20On%20Jobs,1
Treasurer/tax%20Collector%20Office%20Of%20The-Cisneros%2C%20Jose-Visa-Visa%2C%20Inc,4
Treasurer/tax%20Collector%20Office%20Of%20The-Dumez%2C%20Jacob-Visa-Visa%2C%20Inc,1
Treasurer/tax%20Collector%20Office%20Of%20The-Kato%2C%20Greg-Committee%20On%20Jobs-Committee%20On%20Jobs,1
Treasurer/tax%20Collector%20Office%20Of%20The-Phillips%2C%20Leigh-Ground%20Floor%20Public%20Affairs-Square%2C%20Inc.,2
Unified%20School%20District%20San%20Francisco-Norton%2C%20Rachel-Public%20Advocacy%20Partners-Maximus%20Real%20Estate%20Partners,1
Zoning%20Administrator-Sanchez%2C%20Scott-Hanson%20Bridgett%20Llp-Anastasia%20Michaels%20And%20James%20Monschke,1
Zoning%20Administrator-Sanchez%2C%20Scott-Hanson%20Bridgett%20Llp-Doug%20Smith%20%26%20Lorna%20Stevens,1
Zoning%20Administrator-Sanchez%2C%20Scott-Hanson%20Bridgett%20Llp-Migsif%2C%20Llc,1